Cond1,Cond2,jaccard_distance,Shared,NotShared_cond1,NotShared_cond2,Total_Genes_Cond1,Total_Genes_Cond2,Genes_Names,Percentage_Shared_Cond1,Percentage_Shared_Cond2,pvalue,p_adj
Human Day 1,Mouse Day 3,0.042,287,5999,497,6293,784,"ABCB8, ABLIM2, ACTL7A, ADAM19, ADAMTS13, AGBL4, AGK, AGPAT3, AHSG, AIF1L, AIG1, AIMP1, ALDH7A1, ALDOC, ALG9, AMPD2, ANKRD13D, ANKRD53, AQP11, ARHGAP27, ARHGAP32, ARL10, ASGR2, ASS1, ATL1, ATP7B, ATXN3, BCDIN3D, BCL2L12, BFSP1, BRD2, C1QB, C2CD4C, CBX1, CCDC106, CCDC142, CCDC153, CCL1, CCRL2, CCT4, CD27, CDK4, CDKN2C, CHCHD3, CIITA, CLCN5, CNTNAP1, COG2, COL6A2, COL9A2, COPZ2, CRTAP, CRYGA, CSF1, CSRNP1, CTNND1, CTRL, CUZD1, CYC1, CYP2E1, D2HGDH, DDIT3, DDN, DDO, DDRGK1, DDX1, DDX28, DDX47, DENND5A, DMPK, DOK7, DPP6, DUSP2, EBP, EIF2D, ELF4, EPHB2, EXTL2, FAM124B, FAM135B, FAM83F, FAM83G, FANCE, FBLN1, FGF13, FGFBP3, FGFR2, FGFRL1, FGGY, FIBP, FKBP3, FPR1, FUCA1, GIGYF1, GIPC1, GLIS1, GLOD4, GNPNAT1, GPAM, GPATCH8, GPHA2, GRB2, GRIK3, GRWD1, GSN, HAP1, HHAT, HINT2, HIPK2, HORMAD1, HS3ST1, ICA1L, ICAM1, IDH2, IFT140, IL10RA, IL24, INO80E, IPO4, IST1, ITPRIPL2, KCNJ12, KCNMB4, KLHL22, KLK12, KRT31, LAIR1, LANCL1, LHX1, LIN28A, LIN52, LMAN2L, LRIG2, MAD2L2, MAGED1, MANBAL, MAPK8IP2, MEF2C, MEIS2, MID1IP1, MITD1, MRPS10, MSL1, MTM1, MTPAP, MUC20, MUSK, MVK, MYB, MYLK2, MYOZ3, MYPOP, NAGPA, NBEAL1, NBN, NECAB2, NECAP1, NEGR1, NEURL2, NOG, NOSIP, NPC2, NR1H2, NRIP1, NRXN2, NSMCE2, NUAK1, NUBP1, NXT1, ORC3, OSM, OTOS, OXT, PACS2, PCGF5, PDGFA, PEX1, PFAS, PIGP, PIGZ, PLCB2, PLEKHG6, PLOD1, PM20D2, PNLIPRP1, POC5, POLR3D, POLR3H, POMP, POU3F1, PPM1D, PPP1R2, PRKAB1, PRRG4, PRSS8, PSMC2, PSTPIP2, PTPRN2, RAB24, REEP6, RFC4, RMI2, RPL13A, RPL30, RPS3, RRP7A, RUNX3, S100B, SCGB1A1, SCO1, SDHAF1, SH3BP1, SH3PXD2A, SKI, SLC19A2, SLC25A14, SLC25A4, SLC27A4, SLC31A2, SLC35F2, SLC38A10, SLC39A11, SLC4A7, SLC8A1, SLITRK4, SNX22, SORT1, SPATS2L, SPRYD3, SRGAP2, SSX2IP, STAM2, STK11IP, STK38L, STXBP4, SYS1, TAF9, TASP1, TEAD1, TFB1M, TG, TLR5, TLR8, TLR9, TM7SF2, TMED1, TMEM107, TMEM116, TMEM119, TMEM219, TMEM54, TMEM59, TNF, TNFRSF11A, TOM1, TOM1L2, TOR1A, TPMT, TPRA1, TRADD, TRAF1, TRAF4, TRANK1, TRAPPC9, TRIM69, TRPV4, TSPAN3, TST, TTC16, TUBG2, UBAP2L, UBE2G2, UBR1, UBTD1, UIMC1, VAMP1, WDR93, XPO7, XPOT, YPEL1, YY2, ZBTB1, ZBTB16, ZDBF2, ZDHHC12, ZNHIT3, ZSWIM7",4.56,36.61,0,0
Human Day 1,Human Day 7,0.225,1593,4693,809,6293,2407,"AATK, ABAT, ABCA1, ABCA7, ABCB9, ABCC5, ABCD1, ABHD14A, ABHD2, ABTB1, ACADSB, ACAP2, ACD, ACOT13, ACP1, ACSL1, ACSS2, ACTL6A, ACTR1A, ACYP2, ADA, ADAM8, ADAR, ADCY9, ADD2, ADD3, ADORA2B, AGFG1, AGMAT, AGPAT4, AKAP13, AKIRIN2, AKR1B1, ALDH1A1, ALDH2, ALDOA, ALG1, ALG10B, ALG5, ALG6, ALG8, ALKBH7, ALPK3, AMPD2, ANAPC11, ANAPC5, ANGEL2, ANK1, ANKFY1, ANKRD11, ANKRD13A, ANKRD16, ANKRD39, ANKZF1, ANO10, ANP32A, ANP32B, ANPEP, ANTXR2, ANXA11, AOAH, AOC3, AP1M1, APBB1IP, APH1B, APLP2, APOBR, AQP3, AQP9, AQR, ARAP1, ARAP3, ARF3, ARHGAP1, ARHGAP12, ARHGAP25, ARHGAP26, ARHGAP27, ARHGAP31, ARHGDIB, ARHGEF10L, ARHGEF11, ARHGEF37, ARHGEF40, ARL11, ARL4C, ARMCX6, ARPC5, ARPC5L, ARRB2, ARRDC1, ARSG, ASAP1, ASF1B, ASGR1, ASGR2, ASNS, ASPH, ASPRV1, ASXL1, ATAD1, ATF4, ATF7IP, ATG2A, ATP11A, ATP2B1, ATP2B4, ATP6AP1, ATP6V0A1, ATP6V0D1, ATP6V1A, ATP6V1B2, ATP8A1, ATXN2, AVIL, B3GNTL1, B4GALT3, B4GALT5, B9D2, BACE1, BACH1, BAIAP2, BATF3, BAZ2A, BBX, BCKDK, BCL3, BCL6, BECN1, BEND7, BEST1, BEX2, BHLHE41, BICD2, BIK, BLK, BMX, BNIP3, BOLA3, BPGM, BRAT1, BRD3, BRI3, BRK1, BRWD3, BST1, BTF3, BTG3, BTLA, BYSL, C1GALT1C1, C1QBP, C1RL, CACNA2D3, CACNA2D4, CADM1, CAMK1, CAMK2G, CAMKK1, CAMTA1, CANT1, CAPN5, CARD6, CARD9, CASP3, CASP9, CASS4, CBFA2T3, CCDC102A, CCDC14, CCDC149, CCDC153, CCDC167, CCDC57, CCL25, CCNC, CCPG1, CCR1, CCRL2, CCT2, CCT4, CD19, CD27, CD28, CD300E, CD300LF, CD302, CD320, CD38, CD3D, CD46, CD68, CD79B, CD93, CDA, CDC14A, CDC16, CDC27, CDC42BPB, CDC42EP2, CDCA7L, CDH11, CDH16, CDH2, CDH23, CDH26, CDK19, CDK9, CDKL1, CDKL5, CDKN2C, CDS2, CEBPB, CENPF, CENPM, CEP128, CEP19, CEP290, CEP350, CEP57, CEP63, CERS2, CFLAR, CFP, CHAC1, CHD1, CHD2, CHFR, CHIC2, CHKA, CHMP2A, CHPF, CHRNA10, CHST12, CHST15, CHST7, CHTOP, CIDEB, CIITA, CIR1, CLASP2, CLCN5, CLDND1, CLEC1A, CLEC4D, CLEC4E, CLEC5A, CLEC7A, CLIC4, CLNS1A, CLPTM1L, CMC1, CMIP, CMTM6, CNKSR1, CNKSR2, CNPY2, CNPY3, CNTNAP3, COBLL1, COCH, COL15A1, COL4A4, COMMD10, COMMD3, COMMD4, COPB2, COPZ1, CORO2A, COX17, COX7A2L, COX7B, COX7C, CPD, CPNE2, CPNE5, CPOX, CPPED1, CPSF4, CPSF7, CPT2, CPVL, CREG1, CRISPLD2, CRNKL1, CRTC2, CSAD, CSF1R, CSF3R, CSNK1D, CSRNP1, CSRP2, CTBP2, CTBS, CTDSP1, CTDSP2, CTNNA1, CTSD, CTSE, CTSS, CUEDC1, CUL4A, CUTA, CWC25, CWF19L1, CXCL16, CXCR3, CXXC5, CYBB, CYFIP1, CYP1B1, CYP27A1, CYP2S1, CYTH4, DAD1, DAPK1, DAZAP2, DCBLD1, DCUN1D5, DDX1, DDX21, DEDD, DEF8, DENND1B, DENND5A, DGAT1, DGKG, DHRS13, DHX36, DHX8, DIAPH1, DIAPH2, DICER1, DIMT1, DMXL2, DNAJB11, DNAJB12, DNAJB5, DNAJB9, DNAJC1, DNAJC13, DNAJC5, DNTTIP1, DOCK10, DOCK8, DOK1, DOK7, DPEP2, DPH5, DPY30, DPYD, DPYSL2, DSC2, DSE, DTX2, DTX3L, DUS1L, DUSP12, DUSP3, DUSP5, DUSP6, DYM, DYNC1H1, DYNC1LI1, DYSF, E2F6, EBAG9, EBNA1BP2, EBP, ECE1, ECHDC1, ECI1, EEF1E1, EEPD1, EFEMP2, EFHD2, EFNB1, EGR1, EHBP1L1, EHD1, EIF2AK2, EIF3B, EIF3D, EIF3E, EIF3F, EIF3I, EIF3K, EIF4E3, EIF4G3, ELAVL2, ELF4, ELL, EMILIN2, EMP1, ENG, ENPP4, EP300, EPB41L3, EPHB1, EPHB4, EPHX1, ERGIC1, ERGIC3, ERLEC1, ERP29, ETS2, ETV6, EXOSC1, EXOSC7, EXOSC8, EXTL3, EZH1, F2RL1, FAM110A, FAM13A, FAM174A, FAM185A, FAM3C, FAM3D, FAM53B, FAM53C, FANCL, FAU, FBL, FBP1, FBXL13, FBXL20, FCHO1, FES, FGD3, FGD4, FGL2, FGR, FHOD1, FIG4, FKBP11, FKBP14, FKBP15, FKBP1A, FKBP2, FKBP3, FKBP9, FLII, FMNL1, FMR1, FNIP2, FPR1, FPR2, FRMD4B, FRMD8, FRY, FSCN1, FUT8, FXN, FZD1, FZD2, GAA, GAB2, GABARAPL1, GADD45B, GADD45G, GALK2, GAS7, GATA2, GATAD2A, GBE1, GCA, GCC1, GCHFR, GCSH, GDI1, GFRA2, GGA3, GGT5, GHRL, GIGYF2, GIMAP5, GIMAP8, GIT2, GK, GLA, GLB1, GLCCI1, GLG1, GLIPR2, GLRX, GLT1D1, GLT8D1, GLUL, GLYAT, GMPR, GNA15, GNAQ, GNB4, GNL3, GNS, GOLGA2, GPAA1, GPCPD1, GPR107, GPR18, GPR183, GPR26, GPR35, GPX3, GRB2, GRIPAP1, GRN, GSK3B, GSTZ1, GTF2I, GTF3A, GTF3C3, GTPBP8, GZMA, GZMK, HAAO, HAPLN3, HARS2, HAUS1, HAUS4, HAUS6, HBP1, HCCS, HCK, HCLS1, HDAC4, HDHD2, HDLBP, HERPUD2, HGS, HIBCH, HIF1A, HINT1, HINT2, HIPK1, HIPK3, HIVEP1, HJURP, HK3, HLX, HMGCR, HMGCS1, HOMER3, HOPX, HORMAD1, HPSE, HS6ST1, HSD17B11, HSD17B8, HSF2, HSPA14, HSPA8, HSPBAP1, HTATIP2, IAH1, ICAM1, ICOS, ID4, IDH2, IDS, IER2, IFI27, IFI30, IFITM2, IFNAR1, IFNGR2, IFRD1, IFRD2, IFT80, IGSF6, IKBKB, IL13RA1, IL17RA, IL17RC, IL1R1, IL1R2, IL1RAP, IL1RN, ILF2, IMPA1, IMPA2, INPP5A, INPP5D, INPPL1, INTS3, IPMK, IPO7, IQCB1, IQCE, IQSEC1, IRAK3, IRF9, IRS2, ITGA5, ITGAX, ITGB7, ITM2B, ITM2C, ITPKC, ITPRIP, JAK1, JARID2, JDP2, JMJD1C, JMY, JPH4, KANK2, KAT8, KBTBD11, KCNA3, KCNAB2, KCNE3, KCNJ15, KCNJ2, KCNQ1, KCTD15, KCTD20, KDM4B, KDM5B, KDM6B, KIF13A, KIF1B, KIF1C, KIF22, KIF3C, KIFAP3, KLC3, KLF12, KLF4, KLF6, KLF7, KLF9, KLHDC8B, KLHL14, KLHL18, KPNA3, KPNB1, KRT23, KRTCAP2, KTN1, KYNU, L2HGDH, LAMP2, LANCL1, LASP1, LAT2, LATS2, LAX1, LCP1, LEPROTL1, LHCGR, LILRA5, LIMA1, LIMK2, LIN7A, LITAF, LMAN2L, LMO2, LNX2, LOXL3, LPAR2, LPCAT1, LRFN1, LRG1, LRRC25, LRRC36, LRRC4, LRRC8A, LRRK2, LSM2, LSM5, LSM7, LTBP4, LTC4S, LUC7L3, LY9, LYN, LYVE1, MACROD2, MADD, MAFB, MAGED1, MAGEH1, MAK, MAML3, MAN2A2, MANBA, MANEA, MANSC1, MAP2K5, MAP3K11, MAP3K2, MAP3K5, MAP3K6, MAP4K5, MAPK14, MARCKS, MARK2, MARK3, MARVELD1, MBD6, MBNL2, MBOAT1, MBOAT2, MBOAT7, MBP, MBTPS1, MCEE, MCL1, MCOLN2, MCTP1, MDH1, MEF2C, MEGF6, MEGF9, MEI1, MESP1, METTL17, METTL3, METTL5, MEX3C, MFF, MFSD6, MGRN1, MIA3, MICU1, MIDN, MIER3, MIF, MKLN1, MKNK2, MKRN1, MLKL, MLLT1, MLLT11, MME, MMP9, MNT, MOB3A, MOSPD1, MOSPD2, MPEG1, MPG, MPPE1, MPV17L2, MPZL1, MPZL2, MPZL3, MRPL32, MRPL34, MRPL37, MRPL39, MRPL45, MRPL46, MRPL55, MRPL9, MRPS18A, MRPS21, MRPS24, MRPS26, MRPS31, MRPS33, MRPS34, MS4A1, MSL1, MSN, MSRA, MSRB2, MTF1, MTMR11, MTMR14, MTMR6, MTX1, MVP, MXD1, MYADM, MYBPC3, MYD88, MYH9, MYL6, MYO19, MYO1D, MYO1F, MYO5A, MYO7A, MYO9A, MYO9B, MZB1, NACC2, NADK, NAE1, NAGK, NAIF1, NAMPT, NANS, NAP1L1, NBR1, NCEH1, NCF1, NCF2, NCF4, NCK1, NCOA1, NCOA7, NCOR2, NDC80, NDE1, NDRG1, NDRG3, NDST2, NDUFA2, NDUFA3, NDUFA4, NDUFA5, NDUFA9, NDUFAF4, NDUFB11, NDUFB8, NDUFB9, NDUFC1, NDUFS5, NECAB2, NEDD9, NENF, NET1, NEU1, NEXN, NFAM1, NFAT5, NFKB2, NFKBIZ, NFYC, NGLY1, NHP2, NHSL2, NINJ1, NIPBL, NKRF, NLRC4, NLRP3, NLRX1, NMB, NME2, NMNAT1, NMT1, NOC3L, NOD2, NOL11, NOL7, NOP16, NOSIP, NOTCH2, NPC2, NPEPL1, NPM1, NR3C1, NRBF2, NRN1, NRN1L, NSD1, NSUN7, NT5C, NT5C2, NTAN1, NTNG2, NUCB2, NUDT1, NUDT16, NUMB, NUP107, NUP88, NUSAP1, NVL, NXT1, NXT2, OCIAD2, OGT, OLA1, OLAH, OPRK1, ORMDL1, ORMDL2, OS9, OSBPL10, OSBPL2, OSCAR, OSCP1, OSGIN1, OSM, OSTC, OSTM1, OTX1, OVCA2, OXSM, P2RX5, P2RY13, P2RY2, P4HA1, PA2G4, PABPC1, PACS1, PACS2, PADI2, PADI4, PAF1, PAK1, PAK2, PANK2, PANK3, PAOX, PAPSS2, PASK, PBXIP1, PCBD1, PCMTD2, PCNP, PDCD1, PDCD10, PDCD2, PDCD2L, PDCL3, PDE4A, PDIA5, PDIA6, PDK1, PDK3, PDLIM5, PDP1, PDXDC1, PDXK, PEBP1, PECAM1, PELI1, PELI2, PELI3, PEX3, PFDN5, PFKFB4, PGM3, PHACTR1, PHC2, PHC3, PHF20, PHKA2, PHPT1, PI4K2B, PIAS1, PIF1, PIGB, PIGH, PIGK, PILRA, PIM2, PIP4K2A, PISD, PITHD1, PITPNA, PJA1, PJA2, PLA2G7, PLAC8, PLAG1, PLAGL2, PLAU, PLAUR, PLB1, PLBD1, PLCB1, PLCB2, PLD1, PLD2, PLEK2, PLEKHG3, PLEKHO1, PLEKHO2, PLIN3, PLOD1, PLSCR1, PLXDC2, PLXNB2, PLXND1, PNKD, POLD3, POLG, POLR2H, POLR2I, POLR2L, POLR3K, POP5, POU2AF1, PPA1, PPARD, PPAT, PPCDC, PPFIA1, PPIA, PPIF, PPIL3, PPM1F, PPP1R10, PPP1R12B, PPP1R14B, PPP1R21, PPP1R3D, PPP3CC, PPP4R1, PPT1, PPTC7, PRAM1, PRC1, PRCP, PRDM1, PRDM5, PREB, PRKAG2, PRKAR1A, PRKCD, PRKCZ, PROC, PRPF4, PRR13, PSAP, PSAT1, PSEN1, PSMA3, PSMA5, PSMA6, PSMB2, PSMB6, PSMC2, PSMC3, PSMD9, PSMG3, PTAR1, PTBP3, PTEN, PTGS2, PTPRC, PTPRCAP, PTPRE, PTPRJ, PTPRS, PTTG1IP, PTX3, PUS3, PUSL1, PWP1, PXK, PYCR1, QPCTL, QSOX1, RAB11FIP1, RAB20, RAB24, RAB30, RAB31, RAB32, RAB33A, RAB35, RAB36, RAB37, RAB3D, RAB43, RABAC1, RABGAP1L, RAC2, RAD51C, RAD54L2, RALB, RAN, RARA, RARS2, RASGRP3, RASGRP4, RASSF2, RASSF5, RBM17, RBM41, RBM47, RBP7, RCL1, RCN2, RCOR1, RECQL4, REL, RELA, RELL1, RELT, RENBP, REPS2, REXO2, RFC1, RFFL, RFX3, RFX7, RGL3, RGS10, RGS19, RGS2, RGS4, RHBDD2, RHBDD3, RHBDL3, RHOA, RHOG, RHOH, RILPL2, RIN2, RIN3, RIPK1, RIPK4, RLIM, RMI2, RNASE4, RNASEL, RNF112, RNF135, RNF138, RNF144B, RNF149, RNF169, RNF19B, RNF24, RNFT2, ROMO1, ROPN1L, RPAIN, RPGRIP1, RPL11, RPL15, RPL17, RPL21, RPL22L1, RPL23, RPL27, RPL30, RPL31, RPL35, RPL39, RPLP0, RPN2, RPS13, RPS15A, RPS27L, RPS3, RPS6KA4, RPS6KC1, RPUSD2, RRAGC, RRAS2, RSL24D1, RSPRY1, RTN1, RTN2, RTN3, RTN4, RUNDC1, RUNDC3A, RUNX2, RWDD1, RXRA, S100PBP, S1PR4, SAMD3, SAP25, SAR1A, SAR1B, SASH3, SBF2, SBNO2, SCAF1, SCAI, SCAP, SCFD1, SCG2, SCGB1A1, SCN4B, SCO2, SCYL1, SEC11C, SEC14L1, SEC14L4, SEC23IP, SEC24A, SEC61A2, SEL1L, SEL1L3, SELL, SELPLG, SEMA3B, SEMA4D, SETBP1, SETD2, SETDB2, SETX, SF3B5, SFRP2, SGK1, SGPL1, SH2B2, SH2B3, SH2D1A, SH3BP2, SH3BP5L, SH3KBP1, SH3YL1, SHISA5, SIAH2, SIK1, SIK2, SIK3, SIPA1, SIPA1L2, SIRT6, SIRT7, SIVA1, SKAP2, SKI, SKP1, SLAMF1, SLAMF7, SLC12A6, SLC12A9, SLC13A3, SLC14A1, SLC15A3, SLC16A3, SLC16A5, SLC17A9, SLC19A1, SLC1A5, SLC22A1, SLC22A15, SLC22A4, SLC24A4, SLC25A12, SLC25A23, SLC25A37, SLC25A4, SLC25A42, SLC25A44, SLC27A1, SLC27A4, SLC27A5, SLC2A9, SLC30A1, SLC31A1, SLC31A2, SLC35B1, SLC35F2, SLC36A1, SLC37A2, SLC38A10, SLC43A2, SLC44A1, SLC44A2, SLC45A4, SLC46A2, SLC4A1, SLC6A12, SLC6A9, SLC7A5, SLC7A7, SLC8A1, SLC9A8, SLCO3A1, SLCO4C1, SMARCA2, SMARCAD1, SMARCC1, SMARCC2, SMCHD1, SMPDL3A, SMPDL3B, SNAI3, SNAP23, SNAPC4, SNCA, SND1, SNF8, SNN, SNRPC, SNRPD2, SNRPE, SNRPF, SNX10, SNX11, SNX18, SNX21, SNX27, SNX30, SNX5, SOD1, SOD2, SORT1, SP1, SP110, SP2, SPAG5, SPAG9, SPATA2L, SPATA6, SPATS2, SPCS1, SPECC1, SPG21, SPINK2, SPINT1, SPNS2, SPOPL, SPP1, SPPL3, SPR, SPTB, SPTLC2, SRA1, SRGAP2, SRL, SRMS, SRPK2, SRPRB, SRRD, SRRM2, SRSF5, SS18L2, SSH1, SSH2, SSPN, SSR2, SSR4, ST3GAL2, ST6GAL1, ST6GALNAC6, STAC3, STAG2, STAM, STARD4, STAT1, STAT3, STAT5A, STK11IP, STK4, STK40, STMN1, STOM, STOML2, STRAP, STRBP, STT3A, STX11, STX12, STX3, STXBP5, SULF2, SURF6, SYK, TACC3, TAF10, TAF4, TAF8, TAF9, TALDO1, TANC2, TAOK1, TAPBP, TATDN3, TBC1D1, TBC1D14, TBC1D2, TBC1D22B, TBC1D8, TBL1X, TBPL1, TCEA1, TCEAL8, TCF20, TCF3, TCIRG1, TCTN3, TDRD9, TECPR2, TEP1, TFB2M, TGFBI, TGM3, TGM4, THADA, THBD, THOC5, THOC7, THRAP3, THYN1, TIGD3, TIMM17B, TIMM23, TIMM9, TIMP1, TJP2, TKT, TLR1, TLR2, TLR4, TLR5, TLR6, TLR8, TLR9, TM6SF1, TM7SF2, TM9SF4, TMCC1, TMCC2, TMED2, TMED3, TMEM106B, TMEM106C, TMEM120A, TMEM126B, TMEM127, TMEM132E, TMEM140, TMEM14C, TMEM154, TMEM164, TMEM167B, TMEM184B, TMEM19, TMEM208, TMEM214, TMEM223, TMEM234, TMEM33, TMEM42, TMEM50B, TMEM71, TMEM79, TMEM86B, TMEM88, TMEM9, TMEM91, TMEM9B, TMIE, TMUB2, TMX1, TMX4, TNFAIP2, TNFRSF17, TNFRSF1A, TNFRSF1B, TNFRSF8, TNFRSF9, TNFSF13B, TNS3, TOM1, TOMM20, TOMM6, TOMM7, TPCN1, TPCN2, TPD52, TPD52L2, TPP2, TPPP, TPPP3, TPR, TPT1, TRAM1, TRAM2, TRANK1, TRAPPC2L, TRAPPC9, TREM1, TREML2, TRIM10, TRIM21, TRIM25, TRIM39, TRIM8, TRMT112, TRPM2, TRPM6, TRPS1, TRPT1, TSEN34, TSHZ3, TSPAN14, TSPAN7, TSPO, TSPO2, TST, TTYH3, TUBA4A, TUBE1, TXNDC11, TXNDC5, TXNIP, TYROBP, UAP1, UBA5, UBE2B, UBE2D1, UBE2F, UBE2J1, UBE2Q2, UBE2S, UBE2T, UBE2V1, UBE4B, UBFD1, UBOX5, UBQLN1, UBR2, UBR4, UBTD1, UBXN11, UBXN2B, UFC1, UFL1, UGGT1, ULK1, ULK3, UNC119B, UNC93B1, UPK3A, UQCR10, UQCR11, UQCRH, UROD, USP15, USP16, USP32, UXT, VAMP3, VASP, VAV1, VDR, VEZF1, VEZT, VIM, VKORC1L1, VMP1, VPS13A, VPS35, VPS36, VPS37C, VPS54, VPS8, VRK3, VTI1A, WAS, WDFY3, WDFY4, WDR73, WEE1, WFIKKN1, WIPF1, WIPF2, WWP2, XBP1, XCL1, XKR8, XPO6, XPO7, XYLT1, YIF1A, YIPF2, ZBED3, ZBED5, ZBTB1, ZBTB3, ZBTB37, ZBTB5, ZC3H10, ZCCHC2, ZDHHC12, ZDHHC18, ZDHHC4, ZEB2, ZFAND1, ZFAND3, ZFHX3, ZFP36, ZFP36L2, ZFP62, ZFYVE1, ZMYM2, ZMYND15, ZNFX1, ZNHIT3, ZRANB2, ZWINT, ZYG11B, ZZEF1",25.31,66.18,0,0
Human Day 1,Human Day 3,0.131,891,5395,518,6293,1412,"ABCB4, ABCC5, ABCF1, ABHD14B, ABHD3, ABTB1, ACAP2, ACOT13, ACSL4, ADA, ADAM19, ADAM28, ADAMTS5, ADAP2, AGPAT3, AGPAT4, AGTPBP1, AHCTF1, AIM2, AKTIP, ALAS1, ALPK3, AMBRA1, ANAPC13, ANAPC16, ANGPT1, ANK1, ANKRD49, ANP32A, ANP32B, ANTXR2, ANXA1, ANXA4, AOC3, AP3D1, APH1B, AQP1, AQP9, ARAP3, ARG1, ARHGDIB, ARHGEF10L, ARHGEF40, ARID4B, ARID5A, ARL11, ARL3, ARL5B, ARPC2, ARPC3, ASCC2, ASCL2, ASF1B, ASNSD1, ATF3, ATG2A, ATL2, ATP2B1, ATP6AP2, ATP6V1A, ATP6V1G1, AUH, AURKAIP1, B2M, B3GAT2, B3GNT5, B3GNT7, B3GNTL1, B4GALT3, B9D2, BAIAP2, BAIAP3, BAZ1A, BCAP31, BCL3, BCL6, BCL7C, BECN1, BEND4, BEND6, BHLHE41, BLK, BOD1, BPGM, BRD4, BRD8, BRIX1, BTG1, BTLA, C1D, C1GALT1C1, C1QA, C1QB, C2, C3, C3AR1, CACNB4, CAPN5, CAPZA2, CARD9, CASP3, CBX7, CCDC142, CCDC153, CCDC97, CCNC, CCPG1, CD101, CD200, CD274, CD300E, CD46, CD68, CD70, CDC123, CDC37L1, CDCA7L, CDH11, CDH2, CDK19, CDK7, CDKL1, CDKN2AIP, CEBPB, CELSR1, CENPF, CERS3, CFH, CGRRF1, CHCHD10, CHIC2, CHML, CHMP4B, CHN2, CHRNA10, CIR1, CITED2, CKLF, CLCF1, CLCN5, CLDND1, CLEC4D, CLEC9A, CLIC1, CLPB, CMA1, CMPK2, CMTM6, CNBP, CNTNAP3, COBLL1, COL4A4, COPS5, COQ10B, CORO1B, COX7B, CPD, CPEB4, CPNE2, CPPED1, CRHR2, CSF1R, CSF3R, CSNK1E, CSTF2, CTBP2, CTBS, CTNNBIP1, CTNND1, CTSA, CTSE, CTSG, CUL4A, CWC25, CYB561, CYB5R4, CYBB, CYBRD1, CYFIP1, CYP27A1, CYTIP, DACT2, DBP, DCAF10, DCAF6, DCP2, DCUN1D5, DDB2, DDIT3, DDX54, DDX60, DEF8, DENND5A, DERL2, DES, DHRS13, DHRS7, DHRS9, DHX58, DICER1, DISC1, DNAJB5, DNAJB9, DNASE1L3, DNTTIP2, DOK7, DPEP2, DPH3, DPP3, DPY30, DPYSL2, DRAP1, DYNC1LI1, E2F3, EBF1, EEF1D, EFHC2, EFNB1, EGF, EGR1, EIF1AX, EIF1B, EIF2A, EIF3B, EIF4A2, ELAC2, ENTPD2, EPB41, EPB41L3, EPB41L5, EPHB1, EPHB4, EPN1, EPS8L2, ERGIC1, ERGIC2, ESPN, EXOC8, EXTL3, FADS3, FAIM, FAM110A, FAM174A, FAM20A, FAM20C, FAM3A, FAM3C, FAM3D, FAM53C, FANCA, FANCG, FAR1, FASN, FAU, FBP1, FBXL13, FBXO30, FBXO6, FCER1G, FCRL1, FCRLA, FEM1C, FGD6, FGGY, FIBP, FKBP14, FKBP3, FLNA, FNDC3B, FNIP2, FPR2, FRMD3, FZD1, G0S2, GABARAPL1, GBE1, GBP4, GBP5, GCA, GGT5, GK, GKAP1, GLG1, GLIPR1, GLIPR2, GLT1D1, GMPR, GNAQ, GNG10, GNS, GOLGA7, GPCPD1, GPR20, GPR26, GRINA, GSS, GTF2B, GUSB, GZMK, HBP1, HCFC1R1, HCRT, HEBP1, HEBP2, HECA, HEY1, HHEX, HINT1, HIPK3, HIVEP3, HK1, HLX, HMGB1, HMGB2, HMGCR, HNRNPH2, HRK, HS3ST1, HSBP1, HSD17B11, HSPA14, HSPBAP1, HYAL2, IAH1, ICAM4, IDH2, IDI1, IDS, IFI27, IFI44, IFNGR2, IFRD1, IGF2BP2, IKBIP, IL13RA1, IL1R1, IL1R2, IL1RAP, INTS9, IPMK, IRS2, ISG15, ITGA5, ITGAE, ITGB3BP, ITGB4, ITIH1, IVD, JMJD1C, JPH4, KANK2, KAT8, KBTBD6, KCNC3, KCTD20, KDM4B, KDSR, KIF13B, KIN, KISS1R, KIT, KLF11, KLF6, KRT23, LAMP2, LAMP3, LAMTOR3, LARP1, LASP1, LBR, LGALS4, LGALS9, LGALSL, LIMK1, LIN7A, LIN9, LIPA, LIPT1, LITAF, LOXL3, LRRC20, LRRC36, LRRC8A, LRWD1, LSM10, LSM7, LTA4H, LY6E, LY96, MADD, MAFB, MAFF, MAK, MAP1S, MAP3K2, MAPK8IP3, MARK3, MAT2B, MATR3, MBNL2, MBOAT7, MCM6, MCOLN1, MDH2, MED13, MEF2A, MEF2C, MEGF6, MGAT4A, MGAT4B, MICU1, MKNK2, MKRN1, MKRN2, MLC1, MLH3, MOSPD1, MOV10, MPP1, MPZL1, MPZL3, MRPL46, MRPL50, MRPS31, MRPS33, MS4A1, MS4A7, MSL1, MTHFD1, MTIF3, MTMR6, MTSS1, MTX1, MYADM, MYCBP, MYL6, MYO1E, MYO1F, MYO1G, MYO7B, MYOF, NAA50, NACC2, NAGA, NAMPT, NANS, NASP, NCKAP1L, NDE1, NDUFA2, NDUFA4, NDUFB3, NDUFB6, NDUFV3, NECAB2, NF2, NFKBIE, NFKBIL1, NFS1, NGDN, NICN1, NKX2-2, NLN, NMI, NMU, NOA1, NR3C1, NRBF2, NRGN, NRL, NSUN6, NSUN7, NT5C2, NUDT5, NUMB, OAS3, OGFR, OLAH, OSBPL5, OSCP1, OSGIN1, OSGIN2, OSM, OSTC, OTX1, P2RX4, P2RX5, P2RX7, P2RY14, P4HA1, PAIP2, PAK2, PAM16, PARD6A, PARP12, PARP8, PBXIP1, PCBD1, PCBP2, PCGF5, PCK2, PCMT1, PCNP, PDCD2, PDE1B, PDGFC, PELI1, PELI2, PEMT, PGPEP1, PHACTR1, PHAX, PHC2, PHF20, PIGB, PIGS, PIM3, PIP4K2A, PJA2, PLA2G15, PLA2G4C, PLA2G7, PLAGL2, PLEK2, PLEKHG2, PLEKHG3, PLXNB2, PLXND1, PM20D2, PML, PNPLA8, POU4F1, PPARGC1B, PPFIA1, PPM1F, PPP1R12B, PPP1R14B, PPP1R15A, PPP2R5B, PPP3CA, PRDM8, PRELID1, PRKAR1A, PROC, PROK2, PSAP, PSMA4, PSMA6, PSMB3, PTBP3, PTDSS1, PTEN, PTGIR, PTGS2, PTOV1, PTPN18, PTPRO, PTS, PXK, QPRT, RAB11FIP1, RAB18, RAB20, RAB21, RAB2A, RAB34, RAB35, RAB36, RAB39B, RAB3D, RAB8B, RABAC1, RALB, RALGPS2, RANBP1, RARA, RARS2, RASSF2, RBM3, RBM47, RBM5, RBP7, RCN2, REEP5, RELL1, REPS1, RER1, REV3L, RFTN1, RGS10, RGS12, RGS18, RGS2, RGS4, RHBDL3, RHOA, RICTOR, RILP, RLIM, RNASE4, RNASE6, RNF13, RNF141, RNF145, RNF149, RNH1, RNPC3, ROMO1, ROPN1L, RPGRIP1, RPL13A, RPL17, RPL21, RPL22L1, RPL23, RPL27, RPL30, RPL31, RPL32, RPL35, RPL39, RPLP0, RPN1, RPRD1A, RPS14, RPS15A, RPS16, RPS27L, RPS3, RPS5, RPS9, RPTOR, RRAS, RRM2B, RSAD2, RSL24D1, RTN3, RTP4, RUNDC3A, RUNX2, S100A8, S100A9, S1PR2, S1PR4, SACM1L, SAMD9L, SAP25, SARNP, SASH1, SBDS, SCAP, SCARB2, SCARF1, SCRIB, SDF2, SDSL, SEC14L4, SEC61A2, SELP, SENP2, SEPHS2, SETDB1, SFRP2, SFT2D1, SGK1, SGMS1, SH2B2, SH3GLB1, SH3RF1, SIAH2, SIPA1L2, SIVA1, SKAP2, SKI, SKIL, SLC12A6, SLC19A2, SLC1A5, SLC20A1, SLC22A1, SLC22A15, SLC25A37, SLC27A3, SLC27A5, SLC29A1, SLC31A2, SLC37A2, SLC37A3, SLC39A2, SLC45A4, SLC4A1, SLC6A12, SLC6A9, SLC9A9, SLITRK4, SLU7, SMAD1, SMPDL3B, SNCA, SNRNP27, SNRPD2, SNX10, SNX13, SNX15, SNX19, SNX22, SNX24, SNX25, SNX6, SOCS5, SOD2, SORT1, SPAG9, SPATS2L, SPHK2, SPIB, SPINK2, SPNS1, SPOPL, SPP1, SPTB, SRC, SRGAP2, SRGN, SRL, SRP14, SRP19, SRPK2, SRSF3, SRSF5, SRSF6, SS18L2, SSH2, SSR4, ST8SIA4, STAC3, STAG2, STARD3NL, STMN1, STOM, STOML1, STRBP, STX3, STX7, SULF2, SUSD1, SYF2, SYPL1, TADA3, TANK, TBC1D10C, TBC1D13, TBC1D14, TBC1D15, TBC1D2, TBC1D22B, TBC1D2B, TBC1D9B, TBCC, TBCD, TBK1, TBL1X, TCEAL1, TCF20, TCF4, TCF7L2, TCN2, TCTN1, TEAD1, TFB2M, TFDP1, TG, TGIF1, THAP3, THBD, THOC7, THRSP, TIAM1, TICAM1, TIGD3, TJP2, TLE1, TLR4, TLR6, TM2D3, TM7SF2, TMC5, TMCC1, TMCO3, TMED2, TMEM107, TMEM143, TMEM158, TMEM182, TMEM184B, TMEM208, TMEM216, TMEM229B, TMEM50B, TMEM59, TMEM63B, TMEM71, TMEM86B, TMEM88, TMX4, TNFRSF13C, TNFRSF8, TOMM20, TOMM6, TOMM7, TOPORS, TPD52, TPPP, TPST2, TPT1, TREM1, TREML2, TRIB1, TRIM10, TRIM13, TRIM27, TRIM31, TRIM8, TRIP12, TRMT112, TRPM6, TSEN34, TSPAN13, TSPAN14, TSPAN4, TSPO2, TST, TSTD1, TTC7B, TTL, TTYH3, TUBA1B, TUBA4A, TWF1, TYROBP, UBA3, UBE2A, UBE2B, UBE2D1, UBE2S, UBE2V1, UBE2W, UBR2, UBXN4, UCHL5, UGDH, ULK1, UNKL, UPF2, UPK3A, UQCR11, USP15, UTP6, UTRN, VCL, VMP1, VPREB3, VPS37A, VPS37B, VPS4B, WDFY3, WDFY4, WDR45, WDR53, WDR81, XAF1, XKR8, XPO7, YIPF2, YIPF4, ZBP1, ZC3H11A, ZC3H12A, ZCCHC18, ZCCHC2, ZCCHC7, ZDHHC2, ZDHHC5, ZEB1, ZFAND2A, ZFYVE26, ZMPSTE24, ZMYND10, ZNHIT1, ZNHIT3, ZSCAN18",14.16,63.1,0,0
Human Day 1,Mouse Day 1,0.093,660,5626,782,6293,1442,"ABHD15, ABLIM2, ACSS1, ACSS2, ACTL7A, ACTR8, ACVR2B, ACYP1, ADAM11, ADAM19, ADAMTS17, ADNP, ADORA3, AEBP2, AGPAT3, AGRN, AHSG, AIF1, AIF1L, AIFM2, AIG1, AIM2, AK3, AKR1A1, ALG1, ALG9, ALMS1, ALOX15, AMZ1, ANKRD10, ANKRD13D, ANKRD16, ANKRD22, ANKRD46, ANKZF1, AP4B1, AQP11, ARAP2, ARHGAP15, ARHGEF4, ARL10, ARL6IP5, ARMCX5, ASAP1, ASB7, ASCL2, ASF1A, ASS1, ASTN2, ATF3, ATP1A1, ATP6V0E2, ATP7B, ATXN3, B2M, B3GAT3, B4GALT5, BAIAP2, BATF3, BCL10, BFSP1, BLOC1S3, BMP2K, BRD2, BRD4, BRI3, BST2, BTG1, BUB3, C1GALT1C1, C1QB, C2CD4C, C3, CACNA2D2, CAPN10, CAPSL, CASP6, CASP7, CATSPER2, CBX1, CCDC142, CCDC153, CCNG1, CCP110, CCRL2, CCT4, CD300LF, CD38, CD40, CD53, CD8A, CD96, CDC37L1, CDK12, CDK4, CDS2, CEP128, CEP350, CEP57, CEP63, CFP, CGGBP1, CHCHD3, CHD2, CHFR, CHIC1, CHMP5, CHORDC1, CIAO1, CIAPIN1, CIB1, CLDN23, CLEC4E, CLINT1, CLSTN3, CMTM7, CNRIP1, COG2, COL6A2, COPS7A, COPZ2, COX7A2L, CPD, CPNE5, CREB3L1, CRISPLD2, CSF1, CSMD3, CSRP2, CTRL, CUBN, CXCL10, CYP2E1, D2HGDH, DBNL, DCUN1D2, DDB2, DDN, DDX28, DDX47, DDX6, DEGS1, DEXI, DGKE, DHRS9, DHX15, DHX8, DIXDC1, DMPK, DPP6, DRAP1, DSN1, DTNA, DTNBP1, DUSP12, DUSP2, DUSP28, DUSP6, EAF1, EBAG9, EBP, ECHS1, EDEM2, EEF1E1, EIF1B, EIF2D, EIF3A, EIF3E, EIF3F, EIF4A2, ELF4, EMILIN2, EMP1, ENPP4, EPHB2, ERLIN1, ERMN, ERP29, ESYT2, ETV1, FABP5, FAF2, FAIM, FAM118B, FAM124B, FAM135B, FAM174A, FAM43A, FAM83F, FAM83G, FANCA, FANCB, FANCE, FANCM, FBLN1, FCGR2B, FEM1C, FGF13, FGFR2, FGFR4, FGL2, FLT3, FNTB, FOXM1, FPR1, FPR2, FRA10AC1, FUCA1, FUT4, FXR1, GABRB1, GATA2, GCNT1, GCNT2, GDE1, GET4, GFOD1, GIGYF1, GLOD4, GLYCTK, GM2A, GNB4, GNGT2, GNPNAT1, GPAM, GPATCH2, GPATCH8, GPR18, GPR65, GPRC5C, GRIK3, GRWD1, GSS, GSTM1, GTF2B, GZMA, HABP4, HAP1, HAUS4, HCRTR1, HDAC3, HDAC4, HDX, HEXA, HEXB, HHAT, HHEX, HIGD2A, HIPK2, HLX, HNRNPH1, HOXA6, HP, HPGD, HS3ST1, HSPA14, ICA1L, ID2, IDH2, IER2, IFITM1, IFNAR1, IFT140, IFT88, IGBP1, IGFBP6, IL10RA, IL1R2, IL24, IL34, INO80E, INVS, IPO4, IRF1, JKAMP, KCNC3, KCTD15, KDR, KIF2A, KLHL22, KLHL24, KLHL6, KLRD1, KNTC1, KRT31, LCLAT1, LCMT1, LCORL, LDLR, LEPROT, LHX1, LIX1L, LMX1B, LOXHD1, LPIN2, LRG1, LRIG2, LRP8, LRRC8A, LUC7L, LZIC, MAF, MAP3K13, MAP3K8, MAPKAPK5, MAPRE2, MBIP, MBOAT1, MBTPS1, MDM2, MDM4, MDN1, MED20, MED28, MEF2C, MEFV, METAP1, METTL21A, MEX3C, MFNG, MIIP, MIS18A, MKKS, MLLT10, MLLT11, MORC3, MOV10, MPEG1, MPPE1, MRPL39, MRPL50, MRPS10, MRPS26, MSL3, MTBP, MTIF3, MTM1, MTMR12, MUC20, MYB, MYLK2, MYO18A, MYOZ3, NAB2, NAGPA, NAPG, NAT1, NBEAL1, NCR1, NDUFB3, NECAB2, NECAP1, NEDD4L, NETO2, NF1, NFATC2IP, NGRN, NMB, NOD1, NOG, NPC2, NPFF, NPM1, NR1H2, NRBF2, NSMCE2, NSUN6, NT5C2, NUAK1, NXT1, ORC3, OSBPL3, OSBPL6, OSCAR, OSGIN1, OSGIN2, OTOS, OXT, P2RY13, P2RY14, P2RY6, PACS2, PAPOLG, PARD6B, PCGF5, PCGF6, PDCD10, PDE3B, PDE6D, PDE6G, PDHB, PELI1, PEX1, PEX11A, PEX11B, PEX14, PFAS, PHB2, PHC2, PHEX, PHLDA1, PHPT1, PI16, PIGP, PIGZ, PIM3, PIP4K2A, PKN1, PLA2G12A, PLAC8, PLCB1, PLCB2, PLOD1, PLVAP, PLXND1, PM20D1, PMF1, PMPCB, PNLIPRP1, PNRC1, POLR2G, POLR3H, POLRMT, POMP, PON2, POU3F1, PPID, PPP1R3D, PPP2CA, PPP3CC, PRAM1, PRCP, PREPL, PRKAB1, PROK2, PRPS2, PRRG4, PSMB4, PTGS2, PTPN22, PTPRA, PTPRJ, PTPRN2, PTPRO, PTTG1IP, QSOX1, RAB12, RAB14, RAB25, RAB40C, RAB43, RAB8A, RABL3, RAD1, RAD18, RANBP3, RASA4, RBL1, RBM17, REEP6, RER1, REXO4, RFX3, RHOQ, RHOT1, RMI2, RNASE6, RNF145, RNF181, RNF215, RNF220, RNF34, RNFT1, RPAIN, RPL15, RPL22, RPL23A, RPS27L, RRH, RRP7A, RSL1D1, RSL24D1, RUNDC1, S100A4, S100A8, S100A9, SACM1L, SAMD9L, SBK1, SCFD1, SCO1, SCO2, SCRT2, SDHB, SEC24D, SEMA6C, SERTAD3, SETD7, SGK1, SH3BP1, SIAH2, SIKE1, SIRT5, SLAMF8, SLC15A4, SLC16A3, SLC17A8, SLC25A17, SLC25A3, SLC25A40, SLC25A44, SLC27A4, SLC30A4, SLC31A2, SLC35A1, SLC37A1, SLC37A2, SLC38A10, SLC39A11, SLC8A1, SLCO3A1, SLITRK4, SMO, SMPDL3A, SMU1, SNAPC3, SNAPC5, SNRPC, SNX2, SNX22, SNX6, SNX9, SOCS3, SORCS1, SORT1, SPAG9, SPATS2L, SPECC1L, SPEF1, SPG21, SPSB2, SRBD1, SRGN, SRRM2, SRRM3, SRSF6, ST6GALNAC6, ST7L, STAC3, STAG2, STAP1, STARD3NL, STK11IP, STK38L, STX11, STX1A, STXBP4, SURF1, SUSD3, SYN1, SYNPO2, SYVN1, TAF8, TAF9, TANK, TASP1, TBL1XR1, TBP, TBPL1, TCF4, TEAD1, TEF, TERT, TEX2, TFB1M, TFB2M, TGIF1, THBD, THOC7, TIPARP, TLE1, TLR8, TM6SF1, TMBIM4, TMC5, TMED2, TMED3, TMEM107, TMEM108, TMEM109, TMEM116, TMEM119, TMEM126B, TMEM165, TMEM204, TMEM219, TMEM33, TMEM51, TMEM54, TMEM59, TMEM9B, TMPO, TMTC3, TNF, TNFAIP3, TNFRSF11A, TNFSF12, TNFSF13, TNS3, TOM1, TOM1L2, TOPORS, TOR1A, TPMT, TPRA1, TRAF1, TRAM2, TRAPPC9, TRDMT1, TRIM35, TRMT112, TRMT2B, TRPM7, TRPV4, TSPAN14, TSPAN3, TSPYL2, TUBG2, TXNIP, TYMP, TYW5, UBAP2L, UBE2A, UBE2G2, UBE2I, UBE2Q2, UBOX5, UBTD1, UBXN2B, UCN, UFL1, USP42, UVRAG, VIPR1, VPS13A, WDR37, WDR59, XCL1, XPOT, YAF2, YIPF6, YPEL1, ZBTB1, ZBTB10, ZFP36L2, ZFYVE21, ZFYVE27, ZMAT1, ZSWIM5, ZXDB",10.49,45.77,0,0
Human Day 1,Mouse Day 7,0.013,85,6201,135,6293,220,"ACTL7A, ADAM8, ALAS1, ALOX15, ARAP3, ARL2BP, ASGR2, ASS1, ATP9A, BAIAP2, BAIAP2L2, BRD2, C3, CAMK1, CCPG1, CDS2, CFP, CHAC1, CLCN5, CLEC4E, COPZ2, CRYAB, CSF1, CTRL, D2HGDH, DENND5A, DNAH17, DPP6, ENO3, FAM110A, FAM124B, FAM83F, FAM83G, FFAR2, FGFBP3, FKRP, GRIK3, HKDC1, IFT140, IL1R2, IL1RL1, INO80E, KCND3, LIX1L, LMF1, LRRC25, MVK, MYOZ3, NCF1, NR1H2, PADI4, PIGZ, PLA2G2E, PLCB2, PMF1, PNLIPRP1, POC5, PRSS8, PTPRN2, RACGAP1, RECK, RRP7A, SCAF1, SCGB1A1, SH2D2A, SH3PXD2A, SLC38A7, SLPI, SMPD3, SRGAP2, STAMBP, SYNPO2, TAMM41, TEAD1, TGIF2, TM7SF2, TNFRSF11A, TOM1, TST, UBAP2L, USP54, WDR45, YBX2, YY2, ZDHHC12",1.35,38.64,3.1520707874469144e-221,1.2608283149787658e-220
Mouse Day 3,Human Day 1,0.042,287,5999,497,6293,784,"ABCB8, ABLIM2, ACTL7A, ADAM19, ADAMTS13, AGBL4, AGK, AGPAT3, AHSG, AIF1L, AIG1, AIMP1, ALDH7A1, ALDOC, ALG9, AMPD2, ANKRD13D, ANKRD53, AQP11, ARHGAP27, ARHGAP32, ARL10, ASGR2, ASS1, ATL1, ATP7B, ATXN3, BCDIN3D, BCL2L12, BFSP1, BRD2, C1QB, C2CD4C, CBX1, CCDC106, CCDC142, CCDC153, CCL1, CCRL2, CCT4, CD27, CDK4, CDKN2C, CHCHD3, CIITA, CLCN5, CNTNAP1, COG2, COL6A2, COL9A2, COPZ2, CRTAP, CRYGA, CSF1, CSRNP1, CTNND1, CTRL, CUZD1, CYC1, CYP2E1, D2HGDH, DDIT3, DDN, DDO, DDRGK1, DDX1, DDX28, DDX47, DENND5A, DMPK, DOK7, DPP6, DUSP2, EBP, EIF2D, ELF4, EPHB2, EXTL2, FAM124B, FAM135B, FAM83F, FAM83G, FANCE, FBLN1, FGF13, FGFBP3, FGFR2, FGFRL1, FGGY, FIBP, FKBP3, FPR1, FUCA1, GIGYF1, GIPC1, GLIS1, GLOD4, GNPNAT1, GPAM, GPATCH8, GPHA2, GRB2, GRIK3, GRWD1, GSN, HAP1, HHAT, HINT2, HIPK2, HORMAD1, HS3ST1, ICA1L, ICAM1, IDH2, IFT140, IL10RA, IL24, INO80E, IPO4, IST1, ITPRIPL2, KCNJ12, KCNMB4, KLHL22, KLK12, KRT31, LAIR1, LANCL1, LHX1, LIN28A, LIN52, LMAN2L, LRIG2, MAD2L2, MAGED1, MANBAL, MAPK8IP2, MEF2C, MEIS2, MID1IP1, MITD1, MRPS10, MSL1, MTM1, MTPAP, MUC20, MUSK, MVK, MYB, MYLK2, MYOZ3, MYPOP, NAGPA, NBEAL1, NBN, NECAB2, NECAP1, NEGR1, NEURL2, NOG, NOSIP, NPC2, NR1H2, NRIP1, NRXN2, NSMCE2, NUAK1, NUBP1, NXT1, ORC3, OSM, OTOS, OXT, PACS2, PCGF5, PDGFA, PEX1, PFAS, PIGP, PIGZ, PLCB2, PLEKHG6, PLOD1, PM20D2, PNLIPRP1, POC5, POLR3D, POLR3H, POMP, POU3F1, PPM1D, PPP1R2, PRKAB1, PRRG4, PRSS8, PSMC2, PSTPIP2, PTPRN2, RAB24, REEP6, RFC4, RMI2, RPL13A, RPL30, RPS3, RRP7A, RUNX3, S100B, SCGB1A1, SCO1, SDHAF1, SH3BP1, SH3PXD2A, SKI, SLC19A2, SLC25A14, SLC25A4, SLC27A4, SLC31A2, SLC35F2, SLC38A10, SLC39A11, SLC4A7, SLC8A1, SLITRK4, SNX22, SORT1, SPATS2L, SPRYD3, SRGAP2, SSX2IP, STAM2, STK11IP, STK38L, STXBP4, SYS1, TAF9, TASP1, TEAD1, TFB1M, TG, TLR5, TLR8, TLR9, TM7SF2, TMED1, TMEM107, TMEM116, TMEM119, TMEM219, TMEM54, TMEM59, TNF, TNFRSF11A, TOM1, TOM1L2, TOR1A, TPMT, TPRA1, TRADD, TRAF1, TRAF4, TRANK1, TRAPPC9, TRIM69, TRPV4, TSPAN3, TST, TTC16, TUBG2, UBAP2L, UBE2G2, UBR1, UBTD1, UIMC1, VAMP1, WDR93, XPO7, XPOT, YPEL1, YY2, ZBTB1, ZBTB16, ZDBF2, ZDHHC12, ZNHIT3, ZSWIM7",4.56,36.61,0,0
Mouse Day 3,Human Day 7,0.036,112,672,2290,784,2407,"ACAT1, AMPD2, APOM, APOO, ARHGAP27, ASGR2, BASP1, BCORL1, CBL, CCDC153, CCDC159, CCDC59, CCRL2, CCT4, CD27, CD79A, CDKN2C, CIITA, CLCN5, COMMD8, CREB1, CSRNP1, DDX1, DENND5A, DNAJB14, DOK7, EBP, ELF4, FKBP3, FPR1, GNL3L, GORASP2, GPRC5D, GRB2, HINT2, HORMAD1, HSD17B10, HTR6, ICAM1, IDH2, KCNN3, KLHL21, KLHL8, LANCL1, LGALS3, LMAN2L, MADCAM1, MAGED1, MAGOH, MDP1, MEF2C, MGAT2, MRPL22, MRPL27, MSL1, NAA20, NDST1, NECAB2, NFIC, NOSIP, NPC2, NXT1, OSM, PACS2, PLCB2, PLEKHM3, PLIN4, PLOD1, PPIB, PSMC2, RAB11FIP4, RAB24, RAB26, RBM22, RMI2, RPA3, RPL30, RPS3, SART1, SCGB1A1, SESN2, SKI, SLC25A4, SLC27A4, SLC2A3, SLC31A2, SLC35F2, SLC38A10, SLC8A1, SORT1, SRGAP2, STK11IP, TAF9, TIMP2, TLR5, TLR8, TLR9, TM7SF2, TNFRSF13B, TNS1, TOM1, TRANK1, TRAPPC9, TST, UBTD1, VCAN, VSIG4, VTI1B, XPO7, ZBTB1, ZDHHC12, ZNHIT3",14.29,4.65,0,0
Mouse Day 3,Human Day 3,0.03,63,721,1346,784,1412,"ADAM19, AGPAT3, ARMC2, ATP6V0C, BASP1, C1QB, CCDC142, CCDC153, CCDC59, CDC42EP5, CLCN5, CMTM5, CREB1, CTNND1, DDIT3, DENND5A, DOK7, FGGY, FIBP, FKBP3, HS3ST1, IDH2, KLHL21, KPNA6, LGALS3, MADCAM1, MDP1, MEF2C, MIA, MOB4, MRPL47, MSL1, MTFMT, NAA20, NECAB2, OSM, PCGF5, PIWIL4, PLIN4, PM20D2, RPL13A, RPL30, RPS3, SKI, SLC19A2, SLC31A2, SLITRK4, SNX22, SORBS3, SORT1, SPATS2L, SRGAP2, TEAD1, TG, TM7SF2, TMEM107, TMEM59, TNS1, TST, VTI1B, XPO7, ZDHHC6, ZNHIT3",8.04,4.46,0,0
Mouse Day 3,Mouse Day 1,0.236,425,359,1017,784,1442,"ABHD12B, ABLIM2, ACAP3, ACTL7A, ADAM19, ADAMTS8, ADAMTSL5, ADRB3, AFAP1L1, AGO2, AGPAT3, AHSG, AIF1L, AIG1, AKAP4, ALG9, AMER3, AMOTL1, ANKRD13D, APIP, APOO, AQP11, ARHGAP28, ARL10, ARL9, ARMC2, ARR3, ASS1, ATP6V1E2, ATP7B, ATP8B3, ATXN3, BASP1, BBS1, BCORL1, BDNF, BFSP1, BRD2, C11orf86, C1QB, C1QL2, C1orf116, C1orf174, C2CD4C, C2orf88, C3orf33, CA7, CABLES1, CBL, CBX1, CCDC142, CCDC153, CCDC42, CCRL2, CCT4, CD79A, CDC42EP5, CDCP2, CDH7, CDHR4, CDK4, CDKL2, CENPE, CHAD, CHCHD3, CHMP4C, CHRNA4, CHST14, CMC4, CMTM5, CNFN, CNTN6, COA6, COG2, COL20A1, COL6A2, COPZ2, COX4I2, COX7A1, CREB1, CSF1, CTDNEP1, CTDSPL, CTRL, CYP21A2, CYP2E1, CYP46A1, D2HGDH, DBNDD2, DCDC2B, DDN, DDX28, DDX47, DDX52, DFFB, DIO1, DLK2, DMPK, DMWD, DNAJB14, DOC2A, DPP6, DPYSL4, DTNB, DUOX2, DUSP2, DZIP1, EBP, EFNA3, EFNA4, EFS, EGFR, EHF, EIF2D, ELF4, ELK4, EMC4, ENDOG, EPHB2, ERMAP, ESYT3, ETV4, EXOC3L2, F7, F9, FAAH, FADS1, FAM124B, FAM135B, FAM216B, FAM83F, FAM83G, FANCE, FBLN1, FCHSD1, FGB, FGF13, FGF8, FGFR2, FHL3, FHL5, FOXF1, FPR1, FUCA1, GABRB3, GABRE, GALT, GDF3, GIGYF1, GLOD4, GLT8D2, GNPNAT1, GORASP2, GPAM, GPATCH8, GPIHBP1, GPLD1, GPRC5D, GRIK3, GRM2, GRWD1, GTF2H1, GUCA1B, GUCA2A, HAP1, HES7, HHAT, HIPK2, HIPK4, HS3ST1, HSPE1-MOB4, HTR2C, HTR6, ICA1L, IDH2, IFT140, IGFN1, IGSF9B, IL10RA, IL11, IL24, IL27, ILDR2, INO80E, INSIG2, IPO4, IRAK1BP1, ISOC2, JSRP1, KCNE4, KCNG4, KCNK4, KCNN3, KCTD3, KIAA0513, KIAA0930, KIF26A, KLHDC7B, KLHL21, KLHL22, KRT31, KRTAP26-1, L1CAM, LCN10, LCN12, LCN2, LEFTY2, LELP1, LGALS3, LHX1, LRIG2, LRP5, LYPD2, MADCAM1, MAGOH, MAP6, MBD3, MC4R, MDP1, MEF2C, MEIS3, MEP1A, MESP2, MGAT2, MIA, MOB4, MPLKIP, MPV17, MRGBP, MRPL27, MRPS10, MSANTD3, MSGN1, MTFMT, MTM1, MTUS1, MUC20, MYB, MYLK2, MYLK3, MYOZ3, NAGPA, NBEAL1, NDUFB5, NECAB2, NECAP1, NETO1, NFIC, NIPSNAP3B, NKX2-6, NOG, NPC2, NR1H2, NSMCE2, NTN1, NUAK1, NWD1, NXN, NXT1, ONECUT2, ORC3, OTOP1, OTOS, OVCH2, OXT, PACS2, PAQR5, PARM1, PCGF5, PDE11A, PEX1, PFAS, PIGP, PIGZ, PIWIL4, PKD1L2, PLA2G12B, PLBD2, PLCB2, PLEKHM3, PLIN4, PLOD1, PNLIPRP1, PNMA3, PNMA5, PODNL1, POLR3H, POMP, POU3F1, POU6F2, PPFIBP1, PRKAB1, PRODH2, PRRG4, PSD2, PTCHD3, PTGIS, PTPRH, PTPRN2, PVALB, RAB11FIP4, RAB26, RBP4, RECQL5, REEP6, REM1, REP15, RGS21, RGS7, RHOC, RMI2, RNF170, RNF212, RPA3, RRP7A, S100A5, SART1, SCO1, SENP3, SERP2, SESN2, SFRP4, SGPP1, SH3BP1, SLC12A4, SLC25A32, SLC27A4, SLC28A3, SLC29A2, SLC30A5, SLC31A2, SLC35B2, SLC38A10, SLC39A11, SLC6A1, SLC8A1, SLIT1, SLITRK4, SMIM14, SMIM15, SMTN, SMURF1, SMYD1, SNX22, SORT1, SOSTDC1, SOWAHA, SPATC1L, SPATS2L, SPOCK1, SPRN, SPTBN5, STIP1, STK11IP, STK38L, STXBP4, SYNE4, TAF9, TASP1, TBC1D21, TCP11L1, TCTE1, TEAD1, TEKT4, TFAP2D, TFB1M, TFCP2, TLDC2, TLL1, TLR8, TM2D2, TMEM107, TMEM116, TMEM119, TMEM151A, TMEM192, TMEM219, TMEM222, TMEM247, TMEM259, TMEM54, TMEM59, TMPRSS11F, TNF, TNFRSF11A, TNFRSF13B, TNFRSF4, TNS1, TOM1, TOM1L2, TOR1A, TP73, TPGS1, TPMT, TPRA1, TRAF1, TRAPPC9, TRPC4, TRPV4, TRUB1, TSPAN3, TUBG2, TULP2, TVP23B, UBAP2L, UBE2G2, UBTD1, UQCC1, VSIG4, WDR38, WSCD2, XPOT, YPEL1, ZBTB1, ZBTB42, ZBTB46, ZDHHC6, ZIC1, ZNF182, ZNF260, ZNF367, ZNF428, ZNF546, ZNF808, ZSCAN10",54.21,29.47,1.625031962848537e-156,4.875095888545611e-156
Mouse Day 3,Mouse Day 7,0.117,105,679,115,784,220,"ACTL7A, ASGR2, ASS1, ATP6V1E2, ATP8B3, BRD2, C11orf86, C16orf92, C1QL2, CAMKV, CDCP2, CLCN5, CLDN11, CNTN6, COPZ2, CSF1, CTRL, CYP21A2, D2HGDH, DENND5A, DLK2, DOC2A, DPP6, FAM124B, FAM216B, FAM83F, FAM83G, FGB, FGF8, FGFBP3, FMO3, FOXF1, GNL3L, GRIK3, HTR6, IFT140, IGFN1, IGSF9B, IL11, INO80E, KIF26A, LCN10, LCN2, LEFTY2, MADCAM1, MAPK15, MBTPS2, MSGN1, MT4, MTUS1, MVK, MYOZ3, NR1H2, NXN, ONECUT2, OTOP1, PDE6B, PIGZ, PLCB2, PLS1, PNLIPRP1, PNMA3, PNMA5, POC5, PODNL1, PRSS8, PTCHD1, PTCHD3, PTPRH, PTPRN2, RAB26, RBP1, RBP4, RECQL5, REM1, RGS7, RRP7A, SCGB1A1, SH3PXD2A, SLC28A3, SLC6A1, SOWAHA, SRGAP2, STIL, STRIP2, SYN3, TAS1R3, TAT, TEAD1, TEKT4, TFAP2D, TM2D2, TM7SF2, TNFRSF11A, TOM1, TRPC4, TRUB1, TSSK1B, TST, UBAP2L, UGGT2, VPS51, YY2, ZBTB46, ZDHHC12",13.39,47.73,8.967352969862089e-84,8.967352969862089e-84
Human Day 7,Human Day 1,0.225,1593,4693,809,6293,2407,"AATK, ABAT, ABCA1, ABCA7, ABCB9, ABCC5, ABCD1, ABHD14A, ABHD2, ABTB1, ACADSB, ACAP2, ACD, ACOT13, ACP1, ACSL1, ACSS2, ACTL6A, ACTR1A, ACYP2, ADA, ADAM8, ADAR, ADCY9, ADD2, ADD3, ADORA2B, AGFG1, AGMAT, AGPAT4, AKAP13, AKIRIN2, AKR1B1, ALDH1A1, ALDH2, ALDOA, ALG1, ALG10B, ALG5, ALG6, ALG8, ALKBH7, ALPK3, AMPD2, ANAPC11, ANAPC5, ANGEL2, ANK1, ANKFY1, ANKRD11, ANKRD13A, ANKRD16, ANKRD39, ANKZF1, ANO10, ANP32A, ANP32B, ANPEP, ANTXR2, ANXA11, AOAH, AOC3, AP1M1, APBB1IP, APH1B, APLP2, APOBR, AQP3, AQP9, AQR, ARAP1, ARAP3, ARF3, ARHGAP1, ARHGAP12, ARHGAP25, ARHGAP26, ARHGAP27, ARHGAP31, ARHGDIB, ARHGEF10L, ARHGEF11, ARHGEF37, ARHGEF40, ARL11, ARL4C, ARMCX6, ARPC5, ARPC5L, ARRB2, ARRDC1, ARSG, ASAP1, ASF1B, ASGR1, ASGR2, ASNS, ASPH, ASPRV1, ASXL1, ATAD1, ATF4, ATF7IP, ATG2A, ATP11A, ATP2B1, ATP2B4, ATP6AP1, ATP6V0A1, ATP6V0D1, ATP6V1A, ATP6V1B2, ATP8A1, ATXN2, AVIL, B3GNTL1, B4GALT3, B4GALT5, B9D2, BACE1, BACH1, BAIAP2, BATF3, BAZ2A, BBX, BCKDK, BCL3, BCL6, BECN1, BEND7, BEST1, BEX2, BHLHE41, BICD2, BIK, BLK, BMX, BNIP3, BOLA3, BPGM, BRAT1, BRD3, BRI3, BRK1, BRWD3, BST1, BTF3, BTG3, BTLA, BYSL, C1GALT1C1, C1QBP, C1RL, CACNA2D3, CACNA2D4, CADM1, CAMK1, CAMK2G, CAMKK1, CAMTA1, CANT1, CAPN5, CARD6, CARD9, CASP3, CASP9, CASS4, CBFA2T3, CCDC102A, CCDC14, CCDC149, CCDC153, CCDC167, CCDC57, CCL25, CCNC, CCPG1, CCR1, CCRL2, CCT2, CCT4, CD19, CD27, CD28, CD300E, CD300LF, CD302, CD320, CD38, CD3D, CD46, CD68, CD79B, CD93, CDA, CDC14A, CDC16, CDC27, CDC42BPB, CDC42EP2, CDCA7L, CDH11, CDH16, CDH2, CDH23, CDH26, CDK19, CDK9, CDKL1, CDKL5, CDKN2C, CDS2, CEBPB, CENPF, CENPM, CEP128, CEP19, CEP290, CEP350, CEP57, CEP63, CERS2, CFLAR, CFP, CHAC1, CHD1, CHD2, CHFR, CHIC2, CHKA, CHMP2A, CHPF, CHRNA10, CHST12, CHST15, CHST7, CHTOP, CIDEB, CIITA, CIR1, CLASP2, CLCN5, CLDND1, CLEC1A, CLEC4D, CLEC4E, CLEC5A, CLEC7A, CLIC4, CLNS1A, CLPTM1L, CMC1, CMIP, CMTM6, CNKSR1, CNKSR2, CNPY2, CNPY3, CNTNAP3, COBLL1, COCH, COL15A1, COL4A4, COMMD10, COMMD3, COMMD4, COPB2, COPZ1, CORO2A, COX17, COX7A2L, COX7B, COX7C, CPD, CPNE2, CPNE5, CPOX, CPPED1, CPSF4, CPSF7, CPT2, CPVL, CREG1, CRISPLD2, CRNKL1, CRTC2, CSAD, CSF1R, CSF3R, CSNK1D, CSRNP1, CSRP2, CTBP2, CTBS, CTDSP1, CTDSP2, CTNNA1, CTSD, CTSE, CTSS, CUEDC1, CUL4A, CUTA, CWC25, CWF19L1, CXCL16, CXCR3, CXXC5, CYBB, CYFIP1, CYP1B1, CYP27A1, CYP2S1, CYTH4, DAD1, DAPK1, DAZAP2, DCBLD1, DCUN1D5, DDX1, DDX21, DEDD, DEF8, DENND1B, DENND5A, DGAT1, DGKG, DHRS13, DHX36, DHX8, DIAPH1, DIAPH2, DICER1, DIMT1, DMXL2, DNAJB11, DNAJB12, DNAJB5, DNAJB9, DNAJC1, DNAJC13, DNAJC5, DNTTIP1, DOCK10, DOCK8, DOK1, DOK7, DPEP2, DPH5, DPY30, DPYD, DPYSL2, DSC2, DSE, DTX2, DTX3L, DUS1L, DUSP12, DUSP3, DUSP5, DUSP6, DYM, DYNC1H1, DYNC1LI1, DYSF, E2F6, EBAG9, EBNA1BP2, EBP, ECE1, ECHDC1, ECI1, EEF1E1, EEPD1, EFEMP2, EFHD2, EFNB1, EGR1, EHBP1L1, EHD1, EIF2AK2, EIF3B, EIF3D, EIF3E, EIF3F, EIF3I, EIF3K, EIF4E3, EIF4G3, ELAVL2, ELF4, ELL, EMILIN2, EMP1, ENG, ENPP4, EP300, EPB41L3, EPHB1, EPHB4, EPHX1, ERGIC1, ERGIC3, ERLEC1, ERP29, ETS2, ETV6, EXOSC1, EXOSC7, EXOSC8, EXTL3, EZH1, F2RL1, FAM110A, FAM13A, FAM174A, FAM185A, FAM3C, FAM3D, FAM53B, FAM53C, FANCL, FAU, FBL, FBP1, FBXL13, FBXL20, FCHO1, FES, FGD3, FGD4, FGL2, FGR, FHOD1, FIG4, FKBP11, FKBP14, FKBP15, FKBP1A, FKBP2, FKBP3, FKBP9, FLII, FMNL1, FMR1, FNIP2, FPR1, FPR2, FRMD4B, FRMD8, FRY, FSCN1, FUT8, FXN, FZD1, FZD2, GAA, GAB2, GABARAPL1, GADD45B, GADD45G, GALK2, GAS7, GATA2, GATAD2A, GBE1, GCA, GCC1, GCHFR, GCSH, GDI1, GFRA2, GGA3, GGT5, GHRL, GIGYF2, GIMAP5, GIMAP8, GIT2, GK, GLA, GLB1, GLCCI1, GLG1, GLIPR2, GLRX, GLT1D1, GLT8D1, GLUL, GLYAT, GMPR, GNA15, GNAQ, GNB4, GNL3, GNS, GOLGA2, GPAA1, GPCPD1, GPR107, GPR18, GPR183, GPR26, GPR35, GPX3, GRB2, GRIPAP1, GRN, GSK3B, GSTZ1, GTF2I, GTF3A, GTF3C3, GTPBP8, GZMA, GZMK, HAAO, HAPLN3, HARS2, HAUS1, HAUS4, HAUS6, HBP1, HCCS, HCK, HCLS1, HDAC4, HDHD2, HDLBP, HERPUD2, HGS, HIBCH, HIF1A, HINT1, HINT2, HIPK1, HIPK3, HIVEP1, HJURP, HK3, HLX, HMGCR, HMGCS1, HOMER3, HOPX, HORMAD1, HPSE, HS6ST1, HSD17B11, HSD17B8, HSF2, HSPA14, HSPA8, HSPBAP1, HTATIP2, IAH1, ICAM1, ICOS, ID4, IDH2, IDS, IER2, IFI27, IFI30, IFITM2, IFNAR1, IFNGR2, IFRD1, IFRD2, IFT80, IGSF6, IKBKB, IL13RA1, IL17RA, IL17RC, IL1R1, IL1R2, IL1RAP, IL1RN, ILF2, IMPA1, IMPA2, INPP5A, INPP5D, INPPL1, INTS3, IPMK, IPO7, IQCB1, IQCE, IQSEC1, IRAK3, IRF9, IRS2, ITGA5, ITGAX, ITGB7, ITM2B, ITM2C, ITPKC, ITPRIP, JAK1, JARID2, JDP2, JMJD1C, JMY, JPH4, KANK2, KAT8, KBTBD11, KCNA3, KCNAB2, KCNE3, KCNJ15, KCNJ2, KCNQ1, KCTD15, KCTD20, KDM4B, KDM5B, KDM6B, KIF13A, KIF1B, KIF1C, KIF22, KIF3C, KIFAP3, KLC3, KLF12, KLF4, KLF6, KLF7, KLF9, KLHDC8B, KLHL14, KLHL18, KPNA3, KPNB1, KRT23, KRTCAP2, KTN1, KYNU, L2HGDH, LAMP2, LANCL1, LASP1, LAT2, LATS2, LAX1, LCP1, LEPROTL1, LHCGR, LILRA5, LIMA1, LIMK2, LIN7A, LITAF, LMAN2L, LMO2, LNX2, LOXL3, LPAR2, LPCAT1, LRFN1, LRG1, LRRC25, LRRC36, LRRC4, LRRC8A, LRRK2, LSM2, LSM5, LSM7, LTBP4, LTC4S, LUC7L3, LY9, LYN, LYVE1, MACROD2, MADD, MAFB, MAGED1, MAGEH1, MAK, MAML3, MAN2A2, MANBA, MANEA, MANSC1, MAP2K5, MAP3K11, MAP3K2, MAP3K5, MAP3K6, MAP4K5, MAPK14, MARCKS, MARK2, MARK3, MARVELD1, MBD6, MBNL2, MBOAT1, MBOAT2, MBOAT7, MBP, MBTPS1, MCEE, MCL1, MCOLN2, MCTP1, MDH1, MEF2C, MEGF6, MEGF9, MEI1, MESP1, METTL17, METTL3, METTL5, MEX3C, MFF, MFSD6, MGRN1, MIA3, MICU1, MIDN, MIER3, MIF, MKLN1, MKNK2, MKRN1, MLKL, MLLT1, MLLT11, MME, MMP9, MNT, MOB3A, MOSPD1, MOSPD2, MPEG1, MPG, MPPE1, MPV17L2, MPZL1, MPZL2, MPZL3, MRPL32, MRPL34, MRPL37, MRPL39, MRPL45, MRPL46, MRPL55, MRPL9, MRPS18A, MRPS21, MRPS24, MRPS26, MRPS31, MRPS33, MRPS34, MS4A1, MSL1, MSN, MSRA, MSRB2, MTF1, MTMR11, MTMR14, MTMR6, MTX1, MVP, MXD1, MYADM, MYBPC3, MYD88, MYH9, MYL6, MYO19, MYO1D, MYO1F, MYO5A, MYO7A, MYO9A, MYO9B, MZB1, NACC2, NADK, NAE1, NAGK, NAIF1, NAMPT, NANS, NAP1L1, NBR1, NCEH1, NCF1, NCF2, NCF4, NCK1, NCOA1, NCOA7, NCOR2, NDC80, NDE1, NDRG1, NDRG3, NDST2, NDUFA2, NDUFA3, NDUFA4, NDUFA5, NDUFA9, NDUFAF4, NDUFB11, NDUFB8, NDUFB9, NDUFC1, NDUFS5, NECAB2, NEDD9, NENF, NET1, NEU1, NEXN, NFAM1, NFAT5, NFKB2, NFKBIZ, NFYC, NGLY1, NHP2, NHSL2, NINJ1, NIPBL, NKRF, NLRC4, NLRP3, NLRX1, NMB, NME2, NMNAT1, NMT1, NOC3L, NOD2, NOL11, NOL7, NOP16, NOSIP, NOTCH2, NPC2, NPEPL1, NPM1, NR3C1, NRBF2, NRN1, NRN1L, NSD1, NSUN7, NT5C, NT5C2, NTAN1, NTNG2, NUCB2, NUDT1, NUDT16, NUMB, NUP107, NUP88, NUSAP1, NVL, NXT1, NXT2, OCIAD2, OGT, OLA1, OLAH, OPRK1, ORMDL1, ORMDL2, OS9, OSBPL10, OSBPL2, OSCAR, OSCP1, OSGIN1, OSM, OSTC, OSTM1, OTX1, OVCA2, OXSM, P2RX5, P2RY13, P2RY2, P4HA1, PA2G4, PABPC1, PACS1, PACS2, PADI2, PADI4, PAF1, PAK1, PAK2, PANK2, PANK3, PAOX, PAPSS2, PASK, PBXIP1, PCBD1, PCMTD2, PCNP, PDCD1, PDCD10, PDCD2, PDCD2L, PDCL3, PDE4A, PDIA5, PDIA6, PDK1, PDK3, PDLIM5, PDP1, PDXDC1, PDXK, PEBP1, PECAM1, PELI1, PELI2, PELI3, PEX3, PFDN5, PFKFB4, PGM3, PHACTR1, PHC2, PHC3, PHF20, PHKA2, PHPT1, PI4K2B, PIAS1, PIF1, PIGB, PIGH, PIGK, PILRA, PIM2, PIP4K2A, PISD, PITHD1, PITPNA, PJA1, PJA2, PLA2G7, PLAC8, PLAG1, PLAGL2, PLAU, PLAUR, PLB1, PLBD1, PLCB1, PLCB2, PLD1, PLD2, PLEK2, PLEKHG3, PLEKHO1, PLEKHO2, PLIN3, PLOD1, PLSCR1, PLXDC2, PLXNB2, PLXND1, PNKD, POLD3, POLG, POLR2H, POLR2I, POLR2L, POLR3K, POP5, POU2AF1, PPA1, PPARD, PPAT, PPCDC, PPFIA1, PPIA, PPIF, PPIL3, PPM1F, PPP1R10, PPP1R12B, PPP1R14B, PPP1R21, PPP1R3D, PPP3CC, PPP4R1, PPT1, PPTC7, PRAM1, PRC1, PRCP, PRDM1, PRDM5, PREB, PRKAG2, PRKAR1A, PRKCD, PRKCZ, PROC, PRPF4, PRR13, PSAP, PSAT1, PSEN1, PSMA3, PSMA5, PSMA6, PSMB2, PSMB6, PSMC2, PSMC3, PSMD9, PSMG3, PTAR1, PTBP3, PTEN, PTGS2, PTPRC, PTPRCAP, PTPRE, PTPRJ, PTPRS, PTTG1IP, PTX3, PUS3, PUSL1, PWP1, PXK, PYCR1, QPCTL, QSOX1, RAB11FIP1, RAB20, RAB24, RAB30, RAB31, RAB32, RAB33A, RAB35, RAB36, RAB37, RAB3D, RAB43, RABAC1, RABGAP1L, RAC2, RAD51C, RAD54L2, RALB, RAN, RARA, RARS2, RASGRP3, RASGRP4, RASSF2, RASSF5, RBM17, RBM41, RBM47, RBP7, RCL1, RCN2, RCOR1, RECQL4, REL, RELA, RELL1, RELT, RENBP, REPS2, REXO2, RFC1, RFFL, RFX3, RFX7, RGL3, RGS10, RGS19, RGS2, RGS4, RHBDD2, RHBDD3, RHBDL3, RHOA, RHOG, RHOH, RILPL2, RIN2, RIN3, RIPK1, RIPK4, RLIM, RMI2, RNASE4, RNASEL, RNF112, RNF135, RNF138, RNF144B, RNF149, RNF169, RNF19B, RNF24, RNFT2, ROMO1, ROPN1L, RPAIN, RPGRIP1, RPL11, RPL15, RPL17, RPL21, RPL22L1, RPL23, RPL27, RPL30, RPL31, RPL35, RPL39, RPLP0, RPN2, RPS13, RPS15A, RPS27L, RPS3, RPS6KA4, RPS6KC1, RPUSD2, RRAGC, RRAS2, RSL24D1, RSPRY1, RTN1, RTN2, RTN3, RTN4, RUNDC1, RUNDC3A, RUNX2, RWDD1, RXRA, S100PBP, S1PR4, SAMD3, SAP25, SAR1A, SAR1B, SASH3, SBF2, SBNO2, SCAF1, SCAI, SCAP, SCFD1, SCG2, SCGB1A1, SCN4B, SCO2, SCYL1, SEC11C, SEC14L1, SEC14L4, SEC23IP, SEC24A, SEC61A2, SEL1L, SEL1L3, SELL, SELPLG, SEMA3B, SEMA4D, SETBP1, SETD2, SETDB2, SETX, SF3B5, SFRP2, SGK1, SGPL1, SH2B2, SH2B3, SH2D1A, SH3BP2, SH3BP5L, SH3KBP1, SH3YL1, SHISA5, SIAH2, SIK1, SIK2, SIK3, SIPA1, SIPA1L2, SIRT6, SIRT7, SIVA1, SKAP2, SKI, SKP1, SLAMF1, SLAMF7, SLC12A6, SLC12A9, SLC13A3, SLC14A1, SLC15A3, SLC16A3, SLC16A5, SLC17A9, SLC19A1, SLC1A5, SLC22A1, SLC22A15, SLC22A4, SLC24A4, SLC25A12, SLC25A23, SLC25A37, SLC25A4, SLC25A42, SLC25A44, SLC27A1, SLC27A4, SLC27A5, SLC2A9, SLC30A1, SLC31A1, SLC31A2, SLC35B1, SLC35F2, SLC36A1, SLC37A2, SLC38A10, SLC43A2, SLC44A1, SLC44A2, SLC45A4, SLC46A2, SLC4A1, SLC6A12, SLC6A9, SLC7A5, SLC7A7, SLC8A1, SLC9A8, SLCO3A1, SLCO4C1, SMARCA2, SMARCAD1, SMARCC1, SMARCC2, SMCHD1, SMPDL3A, SMPDL3B, SNAI3, SNAP23, SNAPC4, SNCA, SND1, SNF8, SNN, SNRPC, SNRPD2, SNRPE, SNRPF, SNX10, SNX11, SNX18, SNX21, SNX27, SNX30, SNX5, SOD1, SOD2, SORT1, SP1, SP110, SP2, SPAG5, SPAG9, SPATA2L, SPATA6, SPATS2, SPCS1, SPECC1, SPG21, SPINK2, SPINT1, SPNS2, SPOPL, SPP1, SPPL3, SPR, SPTB, SPTLC2, SRA1, SRGAP2, SRL, SRMS, SRPK2, SRPRB, SRRD, SRRM2, SRSF5, SS18L2, SSH1, SSH2, SSPN, SSR2, SSR4, ST3GAL2, ST6GAL1, ST6GALNAC6, STAC3, STAG2, STAM, STARD4, STAT1, STAT3, STAT5A, STK11IP, STK4, STK40, STMN1, STOM, STOML2, STRAP, STRBP, STT3A, STX11, STX12, STX3, STXBP5, SULF2, SURF6, SYK, TACC3, TAF10, TAF4, TAF8, TAF9, TALDO1, TANC2, TAOK1, TAPBP, TATDN3, TBC1D1, TBC1D14, TBC1D2, TBC1D22B, TBC1D8, TBL1X, TBPL1, TCEA1, TCEAL8, TCF20, TCF3, TCIRG1, TCTN3, TDRD9, TECPR2, TEP1, TFB2M, TGFBI, TGM3, TGM4, THADA, THBD, THOC5, THOC7, THRAP3, THYN1, TIGD3, TIMM17B, TIMM23, TIMM9, TIMP1, TJP2, TKT, TLR1, TLR2, TLR4, TLR5, TLR6, TLR8, TLR9, TM6SF1, TM7SF2, TM9SF4, TMCC1, TMCC2, TMED2, TMED3, TMEM106B, TMEM106C, TMEM120A, TMEM126B, TMEM127, TMEM132E, TMEM140, TMEM14C, TMEM154, TMEM164, TMEM167B, TMEM184B, TMEM19, TMEM208, TMEM214, TMEM223, TMEM234, TMEM33, TMEM42, TMEM50B, TMEM71, TMEM79, TMEM86B, TMEM88, TMEM9, TMEM91, TMEM9B, TMIE, TMUB2, TMX1, TMX4, TNFAIP2, TNFRSF17, TNFRSF1A, TNFRSF1B, TNFRSF8, TNFRSF9, TNFSF13B, TNS3, TOM1, TOMM20, TOMM6, TOMM7, TPCN1, TPCN2, TPD52, TPD52L2, TPP2, TPPP, TPPP3, TPR, TPT1, TRAM1, TRAM2, TRANK1, TRAPPC2L, TRAPPC9, TREM1, TREML2, TRIM10, TRIM21, TRIM25, TRIM39, TRIM8, TRMT112, TRPM2, TRPM6, TRPS1, TRPT1, TSEN34, TSHZ3, TSPAN14, TSPAN7, TSPO, TSPO2, TST, TTYH3, TUBA4A, TUBE1, TXNDC11, TXNDC5, TXNIP, TYROBP, UAP1, UBA5, UBE2B, UBE2D1, UBE2F, UBE2J1, UBE2Q2, UBE2S, UBE2T, UBE2V1, UBE4B, UBFD1, UBOX5, UBQLN1, UBR2, UBR4, UBTD1, UBXN11, UBXN2B, UFC1, UFL1, UGGT1, ULK1, ULK3, UNC119B, UNC93B1, UPK3A, UQCR10, UQCR11, UQCRH, UROD, USP15, USP16, USP32, UXT, VAMP3, VASP, VAV1, VDR, VEZF1, VEZT, VIM, VKORC1L1, VMP1, VPS13A, VPS35, VPS36, VPS37C, VPS54, VPS8, VRK3, VTI1A, WAS, WDFY3, WDFY4, WDR73, WEE1, WFIKKN1, WIPF1, WIPF2, WWP2, XBP1, XCL1, XKR8, XPO6, XPO7, XYLT1, YIF1A, YIPF2, ZBED3, ZBED5, ZBTB1, ZBTB3, ZBTB37, ZBTB5, ZC3H10, ZCCHC2, ZDHHC12, ZDHHC18, ZDHHC4, ZEB2, ZFAND1, ZFAND3, ZFHX3, ZFP36, ZFP36L2, ZFP62, ZFYVE1, ZMYM2, ZMYND15, ZNFX1, ZNHIT3, ZRANB2, ZWINT, ZYG11B, ZZEF1",25.31,66.18,0,0
Human Day 7,Mouse Day 3,0.036,112,672,2290,784,2407,"ACAT1, AMPD2, APOM, APOO, ARHGAP27, ASGR2, BASP1, BCORL1, CBL, CCDC153, CCDC159, CCDC59, CCRL2, CCT4, CD27, CD79A, CDKN2C, CIITA, CLCN5, COMMD8, CREB1, CSRNP1, DDX1, DENND5A, DNAJB14, DOK7, EBP, ELF4, FKBP3, FPR1, GNL3L, GORASP2, GPRC5D, GRB2, HINT2, HORMAD1, HSD17B10, HTR6, ICAM1, IDH2, KCNN3, KLHL21, KLHL8, LANCL1, LGALS3, LMAN2L, MADCAM1, MAGED1, MAGOH, MDP1, MEF2C, MGAT2, MRPL22, MRPL27, MSL1, NAA20, NDST1, NECAB2, NFIC, NOSIP, NPC2, NXT1, OSM, PACS2, PLCB2, PLEKHM3, PLIN4, PLOD1, PPIB, PSMC2, RAB11FIP4, RAB24, RAB26, RBM22, RMI2, RPA3, RPL30, RPS3, SART1, SCGB1A1, SESN2, SKI, SLC25A4, SLC27A4, SLC2A3, SLC31A2, SLC35F2, SLC38A10, SLC8A1, SORT1, SRGAP2, STK11IP, TAF9, TIMP2, TLR5, TLR8, TLR9, TM7SF2, TNFRSF13B, TNS1, TOM1, TRANK1, TRAPPC9, TST, UBTD1, VCAN, VSIG4, VTI1B, XPO7, ZBTB1, ZDHHC12, ZNHIT3",14.29,4.65,0,0
Human Day 7,Human Day 3,0.183,589,1813,820,2407,1412,"ABCC5, ABHD5, ABTB1, ACAP2, ACOT13, ACOX1, ACP5, ADA, AFTPH, AGPAT4, AHR, ALAS2, ALDH5A1, ALOX5, ALPK3, ANK1, ANKRD9, ANP32A, ANP32B, ANTXR2, AOC3, APAF1, APH1B, AQP9, ARAP3, ARHGAP24, ARHGAP9, ARHGDIB, ARHGEF10L, ARHGEF40, ARL11, ARRDC3, ASF1B, ATG2A, ATP2B1, ATP6V0B, ATP6V1A, B3GNTL1, B4GALT3, B9D2, BAIAP2, BANK1, BANP, BASP1, BCL3, BCL6, BECN1, BHLHE41, BIRC5, BLK, BLNK, BPGM, BTG2, BTLA, C1GALT1C1, CAMK1D, CAPN5, CARD9, CARM1, CASP3, CASP8, CCDC125, CCDC153, CCDC59, CCNC, CCNE1, CCNY, CCPG1, CD300E, CD46, CD68, CDC34, CDCA2, CDCA5, CDCA7L, CDH11, CDH2, CDK19, CDKL1, CEBPA, CEBPB, CENPF, CEP55, CHAC2, CHIC2, CHPT1, CHRDL1, CHRNA10, CHSY1, CIR1, CISD2, CLCN5, CLDND1, CLEC4D, CMTM6, CNPPD1, CNTNAP3, COBLL1, COL4A4, COX6A1, COX7A2, COX7B, CPD, CPNE2, CPPED1, CREB1, CSF1R, CSF3R, CSGALNACT2, CTBP2, CTBS, CTNNAL1, CTSE, CUL4A, CWC25, CXCL1, CXCR2, CYBB, CYFIP1, CYP27A1, DAAM2, DBI, DCAF12, DCUN1D5, DDX3X, DEF8, DENND5A, DENND5B, DGAT2, DHRS13, DHX34, DICER1, DNAJA4, DNAJB2, DNAJB5, DNAJB9, DNASE1L1, DOCK5, DOK7, DPEP2, DPM2, DPY30, DPYSL2, DYNC1LI1, E2F1, E2F5, E2F7, EFNB1, EGR1, EIF2AK1, EIF3B, ELF2, ELL2, EPB41L3, EPHB1, EPHB4, EPO, ERF, ERGIC1, ERH, EXTL3, FAM110A, FAM117A, FAM174A, FAM3C, FAM3D, FAM53C, FAU, FBP1, FBXL13, FBXO7, FECH, FICD, FKBP14, FKBP3, FNIP1, FNIP2, FOSL2, FPR2, FRAT2, FZD1, GABARAPL1, GBE1, GCA, GCLC, GGT5, GINS2, GK, GLG1, GLIPR2, GLRX5, GLT1D1, GMPR, GNAI2, GNAQ, GNG7, GNS, GPCPD1, GPR146, GPR26, GSPT1, GTDC1, GZMK, HAL, HBP1, HECW2, HERPUD1, HINT1, HIPK3, HLX, HMGCR, HMOX1, HRH2, HSD17B11, HSDL2, HSPA14, HSPBAP1, IAH1, IDH2, IDS, IER3, IFI27, IFNGR2, IFRD1, IL13RA1, IL18R1, IL1R1, IL1R2, IL1RAP, IMP4, INHBB, IPMK, IRS2, ITGA5, ITGAL, JMJD1C, JPH4, KANK2, KAT8, KBTBD7, KCTD20, KDM4B, KIF2C, KLF6, KLHL21, KRAS, KRT23, LAMP2, LASP1, LETM2, LGALS3, LIN7A, LITAF, LOXL3, LRRC36, LRRC8A, LRRFIP1, LSM7, MADCAM1, MADD, MAFB, MAK, MANF, MAP3K2, MARK3, MAST3, MBNL2, MBOAT7, MDP1, MEF2C, MEGF6, METRNL, MGAM, MICU1, MKNK2, MKRN1, MOSPD1, MPZL1, MPZL3, MRAS, MRC2, MRPL13, MRPL20, MRPL40, MRPL46, MRPS31, MRPS33, MS4A1, MSL1, MTMR6, MTX1, MYADM, MYL6, MYO1F, NAA20, NACC2, NAMPT, NANS, NDE1, NDEL1, NDUFA2, NDUFA4, NDUFAF3, NDUFB2, NECAB2, NEFH, NFE2L1, NHS, NIN, NLRP6, NR3C1, NR4A1, NRBF2, NSFL1C, NSUN7, NT5C2, NUAK2, NUDT3, NUMB, OGFRL1, OLAH, OSCP1, OSGIN1, OSM, OSTC, OSTF1, OTX1, P2RX5, P4HA1, PAK2, PANX2, PBXIP1, PCBD1, PCNP, PDCD2, PELI1, PELI2, PHACTR1, PHC2, PHF20, PHF20L1, PHIP, PIGB, PIP4K2A, PJA2, PKN2, PLA2G7, PLAGL2, PLEK2, PLEKHG3, PLIN4, PLXNB2, PLXND1, POLR2K, PPFIA1, PPM1F, PPP1R12B, PPP1R14B, PPP1R3B, PPP2R5A, PREX1, PRKAR1A, PRKDC, PROC, PSAP, PSMA6, PSMB1, PTBP3, PTEN, PTGS2, PXK, QPCT, RAB11FIP1, RAB20, RAB27A, RAB35, RAB36, RAB3D, RABAC1, RAD23A, RAF1, RALB, RALGDS, RANBP10, RAPGEF2, RARA, RARS2, RASSF2, RBM38, RBM39, RBM47, RBP7, RBPJ, RC3H1, RCN2, RCN3, RCSD1, RELL1, RFX2, RGL2, RGS10, RGS2, RGS4, RHBDL3, RHOA, RILPL1, RIN1, RIOK3, RLIM, RNASE4, RNF10, RNF130, RNF149, RNF187, ROMO1, ROPN1L, RPGR, RPGRIP1, RPIA, RPL17, RPL21, RPL22L1, RPL23, RPL27, RPL30, RPL31, RPL35, RPL39, RPLP0, RPS15A, RPS27L, RPS3, RPS6KA5, RSL24D1, RTN3, RUNDC3A, RUNX2, S1PR4, SAP25, SAP30, SCAP, SDCBP, SEC14L4, SEC61A2, SEC61B, SFRP2, SGK1, SH2B2, SIAH2, SIDT2, SIPA1L2, SIVA1, SKAP2, SKI, SLC11A1, SLC12A6, SLC1A5, SLC22A1, SLC22A15, SLC25A37, SLC27A5, SLC31A2, SLC37A2, SLC38A5, SLC39A8, SLC45A4, SLC4A1, SLC6A12, SLC6A6, SLC6A8, SLC6A9, SLC7A1, SLX4, SMC6, SMPDL3B, SNCA, SNRPD2, SNX10, SOD2, SORL1, SORT1, SPAG9, SPCS2, SPCS3, SPINK2, SPOPL, SPP1, SPTB, SRGAP2, SRL, SRPK2, SRSF5, SS18L2, SSH2, SSR4, ST6GALNAC4, STAB1, STAC3, STAG2, STARD10, STMN1, STOM, STRADB, STRBP, STX3, SUB1, SULF2, TBC1D14, TBC1D2, TBC1D22B, TBL1X, TCF20, TESC, TFB2M, THBD, THOC7, TIGD3, TIMM8B, TJP2, TK1, TLE3, TLR4, TLR6, TM7SF2, TMCC1, TMCO1, TMED2, TMEM184B, TMEM208, TMEM50B, TMEM71, TMEM86B, TMEM88, TMOD4, TMX4, TNFRSF8, TNS1, TOMM20, TOMM6, TOMM7, TPD52, TPPP, TPT1, TPX2, TREM1, TREML2, TRIAP1, TRIM10, TRIM8, TRMT112, TRPM6, TSEN34, TSPAN14, TSPO2, TST, TTYH3, TUBA4A, TUBG1, TXNDC9, TYMS, TYROBP, UBE2B, UBE2D1, UBE2S, UBE2V1, UBL5, UBN1, UBR2, UFM1, ULK1, UPK3A, UQCR11, UQCRQ, USP10, USP15, USP4, VMP1, VTI1B, WDFY3, WDFY4, WLS, WNK2, XK, XKR8, XPO7, YIPF2, YOD1, ZCCHC2, ZNHIT3",24.47,41.71,0,0
Human Day 7,Mouse Day 1,0.073,262,2140,1180,2407,1442,"ACSS2, ACTR6, AHR, ALG1, ANKRD16, ANKZF1, APOO, ARID3A, ARIH1, ARL8A, ASAP1, B4GALT5, BAIAP2, BASP1, BATF3, BCORL1, BRI3, BTG2, C1GALT1C1, CASP8, CBL, CBLL1, CCDC153, CCDC82, CCRL2, CCT4, CD14, CD300LF, CD38, CD48, CD79A, CDCA4, CDS2, CEP128, CEP350, CEP57, CEP63, CFP, CHD2, CHFR, CKS2, CLEC4E, COX7A2L, CPD, CPNE5, CREB1, CRISPLD2, CSRP2, CXCR1, CXCR2, DCAF12, DGAT2, DHX8, DNAJB14, DUSP12, DUSP6, EBAG9, EBP, EEF1E1, EIF3E, EIF3F, ELF4, EMILIN2, EMP1, ENOPH1, ENPP4, ERP29, EZH2, FAM174A, FAM89B, FBXO16, FGL2, FLOT2, FOSL2, FPR1, FPR2, FXYD6, GATA2, GGCT, GNA14, GNB4, GORASP2, GPR18, GPRC5D, GZMA, HAUS4, HDAC4, HERPUD1, HLX, HSPA14, HTR6, IDH2, IER2, IFNAR1, IGF1, IL18R1, IL1R2, INO80D, ITPA, KCNN3, KCTD15, KDELR2, KLHL21, KRAS, LAMP1, LDHD, LEPR, LGALS3, LMAN2, LRG1, LRRC8A, LYPLAL1, MADCAM1, MAF1, MAGOH, MAGOHB, MAPKAPK3, MBOAT1, MBTPS1, MDP1, MEF2C, METRNL, MEX3C, MGAT2, MLLT11, MPEG1, MPPE1, MRC2, MRPL18, MRPL21, MRPL27, MRPL3, MRPL39, MRPL53, MRPS26, NDUFAB1, NDUFV2, NECAB2, NFIC, NMB, NPC2, NPM1, NRBF2, NT5C2, NXT1, OPTN, OSCAR, OSGIN1, P2RY13, PACS2, PDCD10, PELI1, PHC2, PHPT1, PIK3C2A, PIP4K2A, PLAC8, PLCB1, PLCB2, PLEKHM3, PLIN4, PLOD1, PLXND1, PPP1R3D, PPP3CC, PRAM1, PRCP, PTGS2, PTPRJ, PTTG1IP, PYGL, QSOX1, RAB11FIP4, RAB26, RAB43, RAF1, RBKS, RBM17, RBM39, RDH14, RFX3, RMI2, RPA3, RPAIN, RPGR, RPIA, RPL15, RPS27L, RSL24D1, RUNDC1, SART1, SCFD1, SCO2, SDC1, SEC61B, SERPING1, SESN2, SGK1, SIAH2, SLA, SLC16A3, SLC25A44, SLC27A4, SLC31A2, SLC37A2, SLC38A10, SLC8A1, SLCO3A1, SMPDL3A, SNRPC, SORT1, SPAG9, SPCS2, SPG21, SRCAP, SRRM2, SRSF10, ST6GALNAC6, STAC3, STAG2, STEAP4, STK11IP, STX11, SUOX, TAF8, TAF9, TBCA, TBPL1, TFB2M, THBD, THOC7, TLR8, TM6SF1, TMED2, TMED3, TMEM126B, TMEM33, TMEM9B, TNFRSF13B, TNS1, TNS3, TOM1, TOP3A, TRAM2, TRAPPC9, TRMT112, TSC22D3, TSHR, TSPAN14, TXNIP, UBE2Q2, UBOX5, UBTD1, UBXN2B, UFL1, UQCRFS1, VPS13A, VSIG4, WLS, XCL1, ZBTB1, ZFP36L2",10.88,18.17,0,0
Human Day 7,Mouse Day 7,0.015,39,2363,181,2407,220,"ADAM8, ALOX5, ANKRD9, ARAP3, ASGR2, BAIAP2, CAMK1, CCPG1, CDS2, CFP, CHAC1, CLCN5, CLEC4E, DACH1, DENND5A, FAM110A, GNL3L, HTR6, IL1R2, LRRC25, MADCAM1, MAPK6, NCF1, P2RX1, PADI4, PLCB2, PPP1R3B, PYGL, RAB26, SAMM50, SCAF1, SCGB1A1, SERPING1, SRGAP2, TM7SF2, TNFSF14, TOM1, TST, ZDHHC12",1.62,17.73,1.818123017494651e-240,1.0908738104967906e-239
Human Day 3,Human Day 1,0.131,891,5395,518,6293,1412,"ABCB4, ABCC5, ABCF1, ABHD14B, ABHD3, ABTB1, ACAP2, ACOT13, ACSL4, ADA, ADAM19, ADAM28, ADAMTS5, ADAP2, AGPAT3, AGPAT4, AGTPBP1, AHCTF1, AIM2, AKTIP, ALAS1, ALPK3, AMBRA1, ANAPC13, ANAPC16, ANGPT1, ANK1, ANKRD49, ANP32A, ANP32B, ANTXR2, ANXA1, ANXA4, AOC3, AP3D1, APH1B, AQP1, AQP9, ARAP3, ARG1, ARHGDIB, ARHGEF10L, ARHGEF40, ARID4B, ARID5A, ARL11, ARL3, ARL5B, ARPC2, ARPC3, ASCC2, ASCL2, ASF1B, ASNSD1, ATF3, ATG2A, ATL2, ATP2B1, ATP6AP2, ATP6V1A, ATP6V1G1, AUH, AURKAIP1, B2M, B3GAT2, B3GNT5, B3GNT7, B3GNTL1, B4GALT3, B9D2, BAIAP2, BAIAP3, BAZ1A, BCAP31, BCL3, BCL6, BCL7C, BECN1, BEND4, BEND6, BHLHE41, BLK, BOD1, BPGM, BRD4, BRD8, BRIX1, BTG1, BTLA, C1D, C1GALT1C1, C1QA, C1QB, C2, C3, C3AR1, CACNB4, CAPN5, CAPZA2, CARD9, CASP3, CBX7, CCDC142, CCDC153, CCDC97, CCNC, CCPG1, CD101, CD200, CD274, CD300E, CD46, CD68, CD70, CDC123, CDC37L1, CDCA7L, CDH11, CDH2, CDK19, CDK7, CDKL1, CDKN2AIP, CEBPB, CELSR1, CENPF, CERS3, CFH, CGRRF1, CHCHD10, CHIC2, CHML, CHMP4B, CHN2, CHRNA10, CIR1, CITED2, CKLF, CLCF1, CLCN5, CLDND1, CLEC4D, CLEC9A, CLIC1, CLPB, CMA1, CMPK2, CMTM6, CNBP, CNTNAP3, COBLL1, COL4A4, COPS5, COQ10B, CORO1B, COX7B, CPD, CPEB4, CPNE2, CPPED1, CRHR2, CSF1R, CSF3R, CSNK1E, CSTF2, CTBP2, CTBS, CTNNBIP1, CTNND1, CTSA, CTSE, CTSG, CUL4A, CWC25, CYB561, CYB5R4, CYBB, CYBRD1, CYFIP1, CYP27A1, CYTIP, DACT2, DBP, DCAF10, DCAF6, DCP2, DCUN1D5, DDB2, DDIT3, DDX54, DDX60, DEF8, DENND5A, DERL2, DES, DHRS13, DHRS7, DHRS9, DHX58, DICER1, DISC1, DNAJB5, DNAJB9, DNASE1L3, DNTTIP2, DOK7, DPEP2, DPH3, DPP3, DPY30, DPYSL2, DRAP1, DYNC1LI1, E2F3, EBF1, EEF1D, EFHC2, EFNB1, EGF, EGR1, EIF1AX, EIF1B, EIF2A, EIF3B, EIF4A2, ELAC2, ENTPD2, EPB41, EPB41L3, EPB41L5, EPHB1, EPHB4, EPN1, EPS8L2, ERGIC1, ERGIC2, ESPN, EXOC8, EXTL3, FADS3, FAIM, FAM110A, FAM174A, FAM20A, FAM20C, FAM3A, FAM3C, FAM3D, FAM53C, FANCA, FANCG, FAR1, FASN, FAU, FBP1, FBXL13, FBXO30, FBXO6, FCER1G, FCRL1, FCRLA, FEM1C, FGD6, FGGY, FIBP, FKBP14, FKBP3, FLNA, FNDC3B, FNIP2, FPR2, FRMD3, FZD1, G0S2, GABARAPL1, GBE1, GBP4, GBP5, GCA, GGT5, GK, GKAP1, GLG1, GLIPR1, GLIPR2, GLT1D1, GMPR, GNAQ, GNG10, GNS, GOLGA7, GPCPD1, GPR20, GPR26, GRINA, GSS, GTF2B, GUSB, GZMK, HBP1, HCFC1R1, HCRT, HEBP1, HEBP2, HECA, HEY1, HHEX, HINT1, HIPK3, HIVEP3, HK1, HLX, HMGB1, HMGB2, HMGCR, HNRNPH2, HRK, HS3ST1, HSBP1, HSD17B11, HSPA14, HSPBAP1, HYAL2, IAH1, ICAM4, IDH2, IDI1, IDS, IFI27, IFI44, IFNGR2, IFRD1, IGF2BP2, IKBIP, IL13RA1, IL1R1, IL1R2, IL1RAP, INTS9, IPMK, IRS2, ISG15, ITGA5, ITGAE, ITGB3BP, ITGB4, ITIH1, IVD, JMJD1C, JPH4, KANK2, KAT8, KBTBD6, KCNC3, KCTD20, KDM4B, KDSR, KIF13B, KIN, KISS1R, KIT, KLF11, KLF6, KRT23, LAMP2, LAMP3, LAMTOR3, LARP1, LASP1, LBR, LGALS4, LGALS9, LGALSL, LIMK1, LIN7A, LIN9, LIPA, LIPT1, LITAF, LOXL3, LRRC20, LRRC36, LRRC8A, LRWD1, LSM10, LSM7, LTA4H, LY6E, LY96, MADD, MAFB, MAFF, MAK, MAP1S, MAP3K2, MAPK8IP3, MARK3, MAT2B, MATR3, MBNL2, MBOAT7, MCM6, MCOLN1, MDH2, MED13, MEF2A, MEF2C, MEGF6, MGAT4A, MGAT4B, MICU1, MKNK2, MKRN1, MKRN2, MLC1, MLH3, MOSPD1, MOV10, MPP1, MPZL1, MPZL3, MRPL46, MRPL50, MRPS31, MRPS33, MS4A1, MS4A7, MSL1, MTHFD1, MTIF3, MTMR6, MTSS1, MTX1, MYADM, MYCBP, MYL6, MYO1E, MYO1F, MYO1G, MYO7B, MYOF, NAA50, NACC2, NAGA, NAMPT, NANS, NASP, NCKAP1L, NDE1, NDUFA2, NDUFA4, NDUFB3, NDUFB6, NDUFV3, NECAB2, NF2, NFKBIE, NFKBIL1, NFS1, NGDN, NICN1, NKX2-2, NLN, NMI, NMU, NOA1, NR3C1, NRBF2, NRGN, NRL, NSUN6, NSUN7, NT5C2, NUDT5, NUMB, OAS3, OGFR, OLAH, OSBPL5, OSCP1, OSGIN1, OSGIN2, OSM, OSTC, OTX1, P2RX4, P2RX5, P2RX7, P2RY14, P4HA1, PAIP2, PAK2, PAM16, PARD6A, PARP12, PARP8, PBXIP1, PCBD1, PCBP2, PCGF5, PCK2, PCMT1, PCNP, PDCD2, PDE1B, PDGFC, PELI1, PELI2, PEMT, PGPEP1, PHACTR1, PHAX, PHC2, PHF20, PIGB, PIGS, PIM3, PIP4K2A, PJA2, PLA2G15, PLA2G4C, PLA2G7, PLAGL2, PLEK2, PLEKHG2, PLEKHG3, PLXNB2, PLXND1, PM20D2, PML, PNPLA8, POU4F1, PPARGC1B, PPFIA1, PPM1F, PPP1R12B, PPP1R14B, PPP1R15A, PPP2R5B, PPP3CA, PRDM8, PRELID1, PRKAR1A, PROC, PROK2, PSAP, PSMA4, PSMA6, PSMB3, PTBP3, PTDSS1, PTEN, PTGIR, PTGS2, PTOV1, PTPN18, PTPRO, PTS, PXK, QPRT, RAB11FIP1, RAB18, RAB20, RAB21, RAB2A, RAB34, RAB35, RAB36, RAB39B, RAB3D, RAB8B, RABAC1, RALB, RALGPS2, RANBP1, RARA, RARS2, RASSF2, RBM3, RBM47, RBM5, RBP7, RCN2, REEP5, RELL1, REPS1, RER1, REV3L, RFTN1, RGS10, RGS12, RGS18, RGS2, RGS4, RHBDL3, RHOA, RICTOR, RILP, RLIM, RNASE4, RNASE6, RNF13, RNF141, RNF145, RNF149, RNH1, RNPC3, ROMO1, ROPN1L, RPGRIP1, RPL13A, RPL17, RPL21, RPL22L1, RPL23, RPL27, RPL30, RPL31, RPL32, RPL35, RPL39, RPLP0, RPN1, RPRD1A, RPS14, RPS15A, RPS16, RPS27L, RPS3, RPS5, RPS9, RPTOR, RRAS, RRM2B, RSAD2, RSL24D1, RTN3, RTP4, RUNDC3A, RUNX2, S100A8, S100A9, S1PR2, S1PR4, SACM1L, SAMD9L, SAP25, SARNP, SASH1, SBDS, SCAP, SCARB2, SCARF1, SCRIB, SDF2, SDSL, SEC14L4, SEC61A2, SELP, SENP2, SEPHS2, SETDB1, SFRP2, SFT2D1, SGK1, SGMS1, SH2B2, SH3GLB1, SH3RF1, SIAH2, SIPA1L2, SIVA1, SKAP2, SKI, SKIL, SLC12A6, SLC19A2, SLC1A5, SLC20A1, SLC22A1, SLC22A15, SLC25A37, SLC27A3, SLC27A5, SLC29A1, SLC31A2, SLC37A2, SLC37A3, SLC39A2, SLC45A4, SLC4A1, SLC6A12, SLC6A9, SLC9A9, SLITRK4, SLU7, SMAD1, SMPDL3B, SNCA, SNRNP27, SNRPD2, SNX10, SNX13, SNX15, SNX19, SNX22, SNX24, SNX25, SNX6, SOCS5, SOD2, SORT1, SPAG9, SPATS2L, SPHK2, SPIB, SPINK2, SPNS1, SPOPL, SPP1, SPTB, SRC, SRGAP2, SRGN, SRL, SRP14, SRP19, SRPK2, SRSF3, SRSF5, SRSF6, SS18L2, SSH2, SSR4, ST8SIA4, STAC3, STAG2, STARD3NL, STMN1, STOM, STOML1, STRBP, STX3, STX7, SULF2, SUSD1, SYF2, SYPL1, TADA3, TANK, TBC1D10C, TBC1D13, TBC1D14, TBC1D15, TBC1D2, TBC1D22B, TBC1D2B, TBC1D9B, TBCC, TBCD, TBK1, TBL1X, TCEAL1, TCF20, TCF4, TCF7L2, TCN2, TCTN1, TEAD1, TFB2M, TFDP1, TG, TGIF1, THAP3, THBD, THOC7, THRSP, TIAM1, TICAM1, TIGD3, TJP2, TLE1, TLR4, TLR6, TM2D3, TM7SF2, TMC5, TMCC1, TMCO3, TMED2, TMEM107, TMEM143, TMEM158, TMEM182, TMEM184B, TMEM208, TMEM216, TMEM229B, TMEM50B, TMEM59, TMEM63B, TMEM71, TMEM86B, TMEM88, TMX4, TNFRSF13C, TNFRSF8, TOMM20, TOMM6, TOMM7, TOPORS, TPD52, TPPP, TPST2, TPT1, TREM1, TREML2, TRIB1, TRIM10, TRIM13, TRIM27, TRIM31, TRIM8, TRIP12, TRMT112, TRPM6, TSEN34, TSPAN13, TSPAN14, TSPAN4, TSPO2, TST, TSTD1, TTC7B, TTL, TTYH3, TUBA1B, TUBA4A, TWF1, TYROBP, UBA3, UBE2A, UBE2B, UBE2D1, UBE2S, UBE2V1, UBE2W, UBR2, UBXN4, UCHL5, UGDH, ULK1, UNKL, UPF2, UPK3A, UQCR11, USP15, UTP6, UTRN, VCL, VMP1, VPREB3, VPS37A, VPS37B, VPS4B, WDFY3, WDFY4, WDR45, WDR53, WDR81, XAF1, XKR8, XPO7, YIPF2, YIPF4, ZBP1, ZC3H11A, ZC3H12A, ZCCHC18, ZCCHC2, ZCCHC7, ZDHHC2, ZDHHC5, ZEB1, ZFAND2A, ZFYVE26, ZMPSTE24, ZMYND10, ZNHIT1, ZNHIT3, ZSCAN18",14.16,63.1,0,0
Human Day 3,Mouse Day 3,0.03,63,721,1346,784,1412,"ADAM19, AGPAT3, ARMC2, ATP6V0C, BASP1, C1QB, CCDC142, CCDC153, CCDC59, CDC42EP5, CLCN5, CMTM5, CREB1, CTNND1, DDIT3, DENND5A, DOK7, FGGY, FIBP, FKBP3, HS3ST1, IDH2, KLHL21, KPNA6, LGALS3, MADCAM1, MDP1, MEF2C, MIA, MOB4, MRPL47, MSL1, MTFMT, NAA20, NECAB2, OSM, PCGF5, PIWIL4, PLIN4, PM20D2, RPL13A, RPL30, RPS3, SKI, SLC19A2, SLC31A2, SLITRK4, SNX22, SORBS3, SORT1, SPATS2L, SRGAP2, TEAD1, TG, TM7SF2, TMEM107, TMEM59, TNS1, TST, VTI1B, XPO7, ZDHHC6, ZNHIT3",8.04,4.46,0,0
Human Day 3,Human Day 7,0.183,589,1813,820,2407,1412,"ABCC5, ABHD5, ABTB1, ACAP2, ACOT13, ACOX1, ACP5, ADA, AFTPH, AGPAT4, AHR, ALAS2, ALDH5A1, ALOX5, ALPK3, ANK1, ANKRD9, ANP32A, ANP32B, ANTXR2, AOC3, APAF1, APH1B, AQP9, ARAP3, ARHGAP24, ARHGAP9, ARHGDIB, ARHGEF10L, ARHGEF40, ARL11, ARRDC3, ASF1B, ATG2A, ATP2B1, ATP6V0B, ATP6V1A, B3GNTL1, B4GALT3, B9D2, BAIAP2, BANK1, BANP, BASP1, BCL3, BCL6, BECN1, BHLHE41, BIRC5, BLK, BLNK, BPGM, BTG2, BTLA, C1GALT1C1, CAMK1D, CAPN5, CARD9, CARM1, CASP3, CASP8, CCDC125, CCDC153, CCDC59, CCNC, CCNE1, CCNY, CCPG1, CD300E, CD46, CD68, CDC34, CDCA2, CDCA5, CDCA7L, CDH11, CDH2, CDK19, CDKL1, CEBPA, CEBPB, CENPF, CEP55, CHAC2, CHIC2, CHPT1, CHRDL1, CHRNA10, CHSY1, CIR1, CISD2, CLCN5, CLDND1, CLEC4D, CMTM6, CNPPD1, CNTNAP3, COBLL1, COL4A4, COX6A1, COX7A2, COX7B, CPD, CPNE2, CPPED1, CREB1, CSF1R, CSF3R, CSGALNACT2, CTBP2, CTBS, CTNNAL1, CTSE, CUL4A, CWC25, CXCL1, CXCR2, CYBB, CYFIP1, CYP27A1, DAAM2, DBI, DCAF12, DCUN1D5, DDX3X, DEF8, DENND5A, DENND5B, DGAT2, DHRS13, DHX34, DICER1, DNAJA4, DNAJB2, DNAJB5, DNAJB9, DNASE1L1, DOCK5, DOK7, DPEP2, DPM2, DPY30, DPYSL2, DYNC1LI1, E2F1, E2F5, E2F7, EFNB1, EGR1, EIF2AK1, EIF3B, ELF2, ELL2, EPB41L3, EPHB1, EPHB4, EPO, ERF, ERGIC1, ERH, EXTL3, FAM110A, FAM117A, FAM174A, FAM3C, FAM3D, FAM53C, FAU, FBP1, FBXL13, FBXO7, FECH, FICD, FKBP14, FKBP3, FNIP1, FNIP2, FOSL2, FPR2, FRAT2, FZD1, GABARAPL1, GBE1, GCA, GCLC, GGT5, GINS2, GK, GLG1, GLIPR2, GLRX5, GLT1D1, GMPR, GNAI2, GNAQ, GNG7, GNS, GPCPD1, GPR146, GPR26, GSPT1, GTDC1, GZMK, HAL, HBP1, HECW2, HERPUD1, HINT1, HIPK3, HLX, HMGCR, HMOX1, HRH2, HSD17B11, HSDL2, HSPA14, HSPBAP1, IAH1, IDH2, IDS, IER3, IFI27, IFNGR2, IFRD1, IL13RA1, IL18R1, IL1R1, IL1R2, IL1RAP, IMP4, INHBB, IPMK, IRS2, ITGA5, ITGAL, JMJD1C, JPH4, KANK2, KAT8, KBTBD7, KCTD20, KDM4B, KIF2C, KLF6, KLHL21, KRAS, KRT23, LAMP2, LASP1, LETM2, LGALS3, LIN7A, LITAF, LOXL3, LRRC36, LRRC8A, LRRFIP1, LSM7, MADCAM1, MADD, MAFB, MAK, MANF, MAP3K2, MARK3, MAST3, MBNL2, MBOAT7, MDP1, MEF2C, MEGF6, METRNL, MGAM, MICU1, MKNK2, MKRN1, MOSPD1, MPZL1, MPZL3, MRAS, MRC2, MRPL13, MRPL20, MRPL40, MRPL46, MRPS31, MRPS33, MS4A1, MSL1, MTMR6, MTX1, MYADM, MYL6, MYO1F, NAA20, NACC2, NAMPT, NANS, NDE1, NDEL1, NDUFA2, NDUFA4, NDUFAF3, NDUFB2, NECAB2, NEFH, NFE2L1, NHS, NIN, NLRP6, NR3C1, NR4A1, NRBF2, NSFL1C, NSUN7, NT5C2, NUAK2, NUDT3, NUMB, OGFRL1, OLAH, OSCP1, OSGIN1, OSM, OSTC, OSTF1, OTX1, P2RX5, P4HA1, PAK2, PANX2, PBXIP1, PCBD1, PCNP, PDCD2, PELI1, PELI2, PHACTR1, PHC2, PHF20, PHF20L1, PHIP, PIGB, PIP4K2A, PJA2, PKN2, PLA2G7, PLAGL2, PLEK2, PLEKHG3, PLIN4, PLXNB2, PLXND1, POLR2K, PPFIA1, PPM1F, PPP1R12B, PPP1R14B, PPP1R3B, PPP2R5A, PREX1, PRKAR1A, PRKDC, PROC, PSAP, PSMA6, PSMB1, PTBP3, PTEN, PTGS2, PXK, QPCT, RAB11FIP1, RAB20, RAB27A, RAB35, RAB36, RAB3D, RABAC1, RAD23A, RAF1, RALB, RALGDS, RANBP10, RAPGEF2, RARA, RARS2, RASSF2, RBM38, RBM39, RBM47, RBP7, RBPJ, RC3H1, RCN2, RCN3, RCSD1, RELL1, RFX2, RGL2, RGS10, RGS2, RGS4, RHBDL3, RHOA, RILPL1, RIN1, RIOK3, RLIM, RNASE4, RNF10, RNF130, RNF149, RNF187, ROMO1, ROPN1L, RPGR, RPGRIP1, RPIA, RPL17, RPL21, RPL22L1, RPL23, RPL27, RPL30, RPL31, RPL35, RPL39, RPLP0, RPS15A, RPS27L, RPS3, RPS6KA5, RSL24D1, RTN3, RUNDC3A, RUNX2, S1PR4, SAP25, SAP30, SCAP, SDCBP, SEC14L4, SEC61A2, SEC61B, SFRP2, SGK1, SH2B2, SIAH2, SIDT2, SIPA1L2, SIVA1, SKAP2, SKI, SLC11A1, SLC12A6, SLC1A5, SLC22A1, SLC22A15, SLC25A37, SLC27A5, SLC31A2, SLC37A2, SLC38A5, SLC39A8, SLC45A4, SLC4A1, SLC6A12, SLC6A6, SLC6A8, SLC6A9, SLC7A1, SLX4, SMC6, SMPDL3B, SNCA, SNRPD2, SNX10, SOD2, SORL1, SORT1, SPAG9, SPCS2, SPCS3, SPINK2, SPOPL, SPP1, SPTB, SRGAP2, SRL, SRPK2, SRSF5, SS18L2, SSH2, SSR4, ST6GALNAC4, STAB1, STAC3, STAG2, STARD10, STMN1, STOM, STRADB, STRBP, STX3, SUB1, SULF2, TBC1D14, TBC1D2, TBC1D22B, TBL1X, TCF20, TESC, TFB2M, THBD, THOC7, TIGD3, TIMM8B, TJP2, TK1, TLE3, TLR4, TLR6, TM7SF2, TMCC1, TMCO1, TMED2, TMEM184B, TMEM208, TMEM50B, TMEM71, TMEM86B, TMEM88, TMOD4, TMX4, TNFRSF8, TNS1, TOMM20, TOMM6, TOMM7, TPD52, TPPP, TPT1, TPX2, TREM1, TREML2, TRIAP1, TRIM10, TRIM8, TRMT112, TRPM6, TSEN34, TSPAN14, TSPO2, TST, TTYH3, TUBA4A, TUBG1, TXNDC9, TYMS, TYROBP, UBE2B, UBE2D1, UBE2S, UBE2V1, UBL5, UBN1, UBR2, UFM1, ULK1, UPK3A, UQCR11, UQCRQ, USP10, USP15, USP4, VMP1, VTI1B, WDFY3, WDFY4, WLS, WNK2, XK, XKR8, XPO7, YIPF2, YOD1, ZCCHC2, ZNHIT3",24.47,41.71,0,0
Human Day 3,Mouse Day 1,0.061,164,1245,1278,1412,1442,"ABI3, ADAM19, AGPAT3, AHR, AIFM1, AIM2, ARMC2, ASCL2, ATF2, ATF3, AZIN1, B2M, BAIAP2, BASP1, BRD4, BTG1, BTG2, C1GALT1C1, C1QB, C3, CASP8, CCDC142, CCDC153, CDC37L1, CDC42EP5, CHI3L1, CMTM5, CPD, CREB1, CX3CR1, CXCR2, DCAF12, DDB2, DGAT2, DHRS9, DRAP1, EIF1B, EIF4A2, ELFN1, ETV3, EVI2A, FAIM, FAM13B, FAM174A, FANCA, FBXO34, FEM1C, FOSL2, FPR2, GPR137B, GSS, GTF2B, HAT1, HERPUD1, HHEX, HLX, HS3ST1, HSPA14, IDH2, IL18R1, IL1R2, INTS12, KCNC3, KLHL21, KRAS, KRCC1, LGALS3, LHX3, LRRC8A, MADCAM1, MDP1, MED21, MEF2C, METRNL, MIA, MIER1, MOB4, MOV10, MRC2, MRPL50, MTFMT, MTIF3, NDUFB3, NECAB2, NIP7, NLRC3, NRBF2, NSUN6, NT5C2, OAT, OSGIN1, OSGIN2, P2RY14, PCGF5, PELI1, PHC2, PIM3, PIP4K2A, PIWIL4, PLIN4, PLXND1, POLR2F, PROK2, PSMC6, PSME4, PTGS2, PTPRO, RAF1, RBM39, RER1, RETN, RNASE6, RNF145, RPGR, RPIA, RPS27L, RSL24D1, S100A8, S100A9, SACM1L, SAMD9L, SEC61B, SFTPD, SGK1, SIAH2, SLC31A2, SLC37A2, SLITRK4, SNX22, SNX6, SORT1, SPAG9, SPATS2L, SPCS2, SRGN, SRSF6, SRSF9, STAC3, STAG2, STARD3NL, TANK, TCF4, TDP2, TEAD1, TFB2M, TGIF1, THBD, THOC7, TLE1, TMC5, TMED2, TMEM107, TMEM59, TNS1, TOPORS, TRMT112, TRPM4, TSPAN14, TSPAN5, UBE2A, UBE2H, UBE2J2, WLS, ZDHHC6",11.61,11.37,0,0
Human Day 3,Mouse Day 7,0.012,20,1389,200,1412,220,"ABI3, ALAS1, ALOX5, ANKRD9, ARAP3, BAIAP2, C3, CALY, CCPG1, CLCN5, DENND5A, FAM110A, IL1R2, MADCAM1, PPP1R3B, SRGAP2, TEAD1, TM7SF2, TST, WDR45",1.42,9.09,1.8601000692007126e-233,9.3005003460035635e-233
Mouse Day 1,Human Day 1,0.093,660,5626,782,6293,1442,"ABHD15, ABLIM2, ACSS1, ACSS2, ACTL7A, ACTR8, ACVR2B, ACYP1, ADAM11, ADAM19, ADAMTS17, ADNP, ADORA3, AEBP2, AGPAT3, AGRN, AHSG, AIF1, AIF1L, AIFM2, AIG1, AIM2, AK3, AKR1A1, ALG1, ALG9, ALMS1, ALOX15, AMZ1, ANKRD10, ANKRD13D, ANKRD16, ANKRD22, ANKRD46, ANKZF1, AP4B1, AQP11, ARAP2, ARHGAP15, ARHGEF4, ARL10, ARL6IP5, ARMCX5, ASAP1, ASB7, ASCL2, ASF1A, ASS1, ASTN2, ATF3, ATP1A1, ATP6V0E2, ATP7B, ATXN3, B2M, B3GAT3, B4GALT5, BAIAP2, BATF3, BCL10, BFSP1, BLOC1S3, BMP2K, BRD2, BRD4, BRI3, BST2, BTG1, BUB3, C1GALT1C1, C1QB, C2CD4C, C3, CACNA2D2, CAPN10, CAPSL, CASP6, CASP7, CATSPER2, CBX1, CCDC142, CCDC153, CCNG1, CCP110, CCRL2, CCT4, CD300LF, CD38, CD40, CD53, CD8A, CD96, CDC37L1, CDK12, CDK4, CDS2, CEP128, CEP350, CEP57, CEP63, CFP, CGGBP1, CHCHD3, CHD2, CHFR, CHIC1, CHMP5, CHORDC1, CIAO1, CIAPIN1, CIB1, CLDN23, CLEC4E, CLINT1, CLSTN3, CMTM7, CNRIP1, COG2, COL6A2, COPS7A, COPZ2, COX7A2L, CPD, CPNE5, CREB3L1, CRISPLD2, CSF1, CSMD3, CSRP2, CTRL, CUBN, CXCL10, CYP2E1, D2HGDH, DBNL, DCUN1D2, DDB2, DDN, DDX28, DDX47, DDX6, DEGS1, DEXI, DGKE, DHRS9, DHX15, DHX8, DIXDC1, DMPK, DPP6, DRAP1, DSN1, DTNA, DTNBP1, DUSP12, DUSP2, DUSP28, DUSP6, EAF1, EBAG9, EBP, ECHS1, EDEM2, EEF1E1, EIF1B, EIF2D, EIF3A, EIF3E, EIF3F, EIF4A2, ELF4, EMILIN2, EMP1, ENPP4, EPHB2, ERLIN1, ERMN, ERP29, ESYT2, ETV1, FABP5, FAF2, FAIM, FAM118B, FAM124B, FAM135B, FAM174A, FAM43A, FAM83F, FAM83G, FANCA, FANCB, FANCE, FANCM, FBLN1, FCGR2B, FEM1C, FGF13, FGFR2, FGFR4, FGL2, FLT3, FNTB, FOXM1, FPR1, FPR2, FRA10AC1, FUCA1, FUT4, FXR1, GABRB1, GATA2, GCNT1, GCNT2, GDE1, GET4, GFOD1, GIGYF1, GLOD4, GLYCTK, GM2A, GNB4, GNGT2, GNPNAT1, GPAM, GPATCH2, GPATCH8, GPR18, GPR65, GPRC5C, GRIK3, GRWD1, GSS, GSTM1, GTF2B, GZMA, HABP4, HAP1, HAUS4, HCRTR1, HDAC3, HDAC4, HDX, HEXA, HEXB, HHAT, HHEX, HIGD2A, HIPK2, HLX, HNRNPH1, HOXA6, HP, HPGD, HS3ST1, HSPA14, ICA1L, ID2, IDH2, IER2, IFITM1, IFNAR1, IFT140, IFT88, IGBP1, IGFBP6, IL10RA, IL1R2, IL24, IL34, INO80E, INVS, IPO4, IRF1, JKAMP, KCNC3, KCTD15, KDR, KIF2A, KLHL22, KLHL24, KLHL6, KLRD1, KNTC1, KRT31, LCLAT1, LCMT1, LCORL, LDLR, LEPROT, LHX1, LIX1L, LMX1B, LOXHD1, LPIN2, LRG1, LRIG2, LRP8, LRRC8A, LUC7L, LZIC, MAF, MAP3K13, MAP3K8, MAPKAPK5, MAPRE2, MBIP, MBOAT1, MBTPS1, MDM2, MDM4, MDN1, MED20, MED28, MEF2C, MEFV, METAP1, METTL21A, MEX3C, MFNG, MIIP, MIS18A, MKKS, MLLT10, MLLT11, MORC3, MOV10, MPEG1, MPPE1, MRPL39, MRPL50, MRPS10, MRPS26, MSL3, MTBP, MTIF3, MTM1, MTMR12, MUC20, MYB, MYLK2, MYO18A, MYOZ3, NAB2, NAGPA, NAPG, NAT1, NBEAL1, NCR1, NDUFB3, NECAB2, NECAP1, NEDD4L, NETO2, NF1, NFATC2IP, NGRN, NMB, NOD1, NOG, NPC2, NPFF, NPM1, NR1H2, NRBF2, NSMCE2, NSUN6, NT5C2, NUAK1, NXT1, ORC3, OSBPL3, OSBPL6, OSCAR, OSGIN1, OSGIN2, OTOS, OXT, P2RY13, P2RY14, P2RY6, PACS2, PAPOLG, PARD6B, PCGF5, PCGF6, PDCD10, PDE3B, PDE6D, PDE6G, PDHB, PELI1, PEX1, PEX11A, PEX11B, PEX14, PFAS, PHB2, PHC2, PHEX, PHLDA1, PHPT1, PI16, PIGP, PIGZ, PIM3, PIP4K2A, PKN1, PLA2G12A, PLAC8, PLCB1, PLCB2, PLOD1, PLVAP, PLXND1, PM20D1, PMF1, PMPCB, PNLIPRP1, PNRC1, POLR2G, POLR3H, POLRMT, POMP, PON2, POU3F1, PPID, PPP1R3D, PPP2CA, PPP3CC, PRAM1, PRCP, PREPL, PRKAB1, PROK2, PRPS2, PRRG4, PSMB4, PTGS2, PTPN22, PTPRA, PTPRJ, PTPRN2, PTPRO, PTTG1IP, QSOX1, RAB12, RAB14, RAB25, RAB40C, RAB43, RAB8A, RABL3, RAD1, RAD18, RANBP3, RASA4, RBL1, RBM17, REEP6, RER1, REXO4, RFX3, RHOQ, RHOT1, RMI2, RNASE6, RNF145, RNF181, RNF215, RNF220, RNF34, RNFT1, RPAIN, RPL15, RPL22, RPL23A, RPS27L, RRH, RRP7A, RSL1D1, RSL24D1, RUNDC1, S100A4, S100A8, S100A9, SACM1L, SAMD9L, SBK1, SCFD1, SCO1, SCO2, SCRT2, SDHB, SEC24D, SEMA6C, SERTAD3, SETD7, SGK1, SH3BP1, SIAH2, SIKE1, SIRT5, SLAMF8, SLC15A4, SLC16A3, SLC17A8, SLC25A17, SLC25A3, SLC25A40, SLC25A44, SLC27A4, SLC30A4, SLC31A2, SLC35A1, SLC37A1, SLC37A2, SLC38A10, SLC39A11, SLC8A1, SLCO3A1, SLITRK4, SMO, SMPDL3A, SMU1, SNAPC3, SNAPC5, SNRPC, SNX2, SNX22, SNX6, SNX9, SOCS3, SORCS1, SORT1, SPAG9, SPATS2L, SPECC1L, SPEF1, SPG21, SPSB2, SRBD1, SRGN, SRRM2, SRRM3, SRSF6, ST6GALNAC6, ST7L, STAC3, STAG2, STAP1, STARD3NL, STK11IP, STK38L, STX11, STX1A, STXBP4, SURF1, SUSD3, SYN1, SYNPO2, SYVN1, TAF8, TAF9, TANK, TASP1, TBL1XR1, TBP, TBPL1, TCF4, TEAD1, TEF, TERT, TEX2, TFB1M, TFB2M, TGIF1, THBD, THOC7, TIPARP, TLE1, TLR8, TM6SF1, TMBIM4, TMC5, TMED2, TMED3, TMEM107, TMEM108, TMEM109, TMEM116, TMEM119, TMEM126B, TMEM165, TMEM204, TMEM219, TMEM33, TMEM51, TMEM54, TMEM59, TMEM9B, TMPO, TMTC3, TNF, TNFAIP3, TNFRSF11A, TNFSF12, TNFSF13, TNS3, TOM1, TOM1L2, TOPORS, TOR1A, TPMT, TPRA1, TRAF1, TRAM2, TRAPPC9, TRDMT1, TRIM35, TRMT112, TRMT2B, TRPM7, TRPV4, TSPAN14, TSPAN3, TSPYL2, TUBG2, TXNIP, TYMP, TYW5, UBAP2L, UBE2A, UBE2G2, UBE2I, UBE2Q2, UBOX5, UBTD1, UBXN2B, UCN, UFL1, USP42, UVRAG, VIPR1, VPS13A, WDR37, WDR59, XCL1, XPOT, YAF2, YIPF6, YPEL1, ZBTB1, ZBTB10, ZFP36L2, ZFYVE21, ZFYVE27, ZMAT1, ZSWIM5, ZXDB",10.49,45.77,0,0
Mouse Day 1,Mouse Day 3,0.236,425,359,1017,784,1442,"ABHD12B, ABLIM2, ACAP3, ACTL7A, ADAM19, ADAMTS8, ADAMTSL5, ADRB3, AFAP1L1, AGO2, AGPAT3, AHSG, AIF1L, AIG1, AKAP4, ALG9, AMER3, AMOTL1, ANKRD13D, APIP, APOO, AQP11, ARHGAP28, ARL10, ARL9, ARMC2, ARR3, ASS1, ATP6V1E2, ATP7B, ATP8B3, ATXN3, BASP1, BBS1, BCORL1, BDNF, BFSP1, BRD2, C11orf86, C1QB, C1QL2, C1orf116, C1orf174, C2CD4C, C2orf88, C3orf33, CA7, CABLES1, CBL, CBX1, CCDC142, CCDC153, CCDC42, CCRL2, CCT4, CD79A, CDC42EP5, CDCP2, CDH7, CDHR4, CDK4, CDKL2, CENPE, CHAD, CHCHD3, CHMP4C, CHRNA4, CHST14, CMC4, CMTM5, CNFN, CNTN6, COA6, COG2, COL20A1, COL6A2, COPZ2, COX4I2, COX7A1, CREB1, CSF1, CTDNEP1, CTDSPL, CTRL, CYP21A2, CYP2E1, CYP46A1, D2HGDH, DBNDD2, DCDC2B, DDN, DDX28, DDX47, DDX52, DFFB, DIO1, DLK2, DMPK, DMWD, DNAJB14, DOC2A, DPP6, DPYSL4, DTNB, DUOX2, DUSP2, DZIP1, EBP, EFNA3, EFNA4, EFS, EGFR, EHF, EIF2D, ELF4, ELK4, EMC4, ENDOG, EPHB2, ERMAP, ESYT3, ETV4, EXOC3L2, F7, F9, FAAH, FADS1, FAM124B, FAM135B, FAM216B, FAM83F, FAM83G, FANCE, FBLN1, FCHSD1, FGB, FGF13, FGF8, FGFR2, FHL3, FHL5, FOXF1, FPR1, FUCA1, GABRB3, GABRE, GALT, GDF3, GIGYF1, GLOD4, GLT8D2, GNPNAT1, GORASP2, GPAM, GPATCH8, GPIHBP1, GPLD1, GPRC5D, GRIK3, GRM2, GRWD1, GTF2H1, GUCA1B, GUCA2A, HAP1, HES7, HHAT, HIPK2, HIPK4, HS3ST1, HSPE1-MOB4, HTR2C, HTR6, ICA1L, IDH2, IFT140, IGFN1, IGSF9B, IL10RA, IL11, IL24, IL27, ILDR2, INO80E, INSIG2, IPO4, IRAK1BP1, ISOC2, JSRP1, KCNE4, KCNG4, KCNK4, KCNN3, KCTD3, KIAA0513, KIAA0930, KIF26A, KLHDC7B, KLHL21, KLHL22, KRT31, KRTAP26-1, L1CAM, LCN10, LCN12, LCN2, LEFTY2, LELP1, LGALS3, LHX1, LRIG2, LRP5, LYPD2, MADCAM1, MAGOH, MAP6, MBD3, MC4R, MDP1, MEF2C, MEIS3, MEP1A, MESP2, MGAT2, MIA, MOB4, MPLKIP, MPV17, MRGBP, MRPL27, MRPS10, MSANTD3, MSGN1, MTFMT, MTM1, MTUS1, MUC20, MYB, MYLK2, MYLK3, MYOZ3, NAGPA, NBEAL1, NDUFB5, NECAB2, NECAP1, NETO1, NFIC, NIPSNAP3B, NKX2-6, NOG, NPC2, NR1H2, NSMCE2, NTN1, NUAK1, NWD1, NXN, NXT1, ONECUT2, ORC3, OTOP1, OTOS, OVCH2, OXT, PACS2, PAQR5, PARM1, PCGF5, PDE11A, PEX1, PFAS, PIGP, PIGZ, PIWIL4, PKD1L2, PLA2G12B, PLBD2, PLCB2, PLEKHM3, PLIN4, PLOD1, PNLIPRP1, PNMA3, PNMA5, PODNL1, POLR3H, POMP, POU3F1, POU6F2, PPFIBP1, PRKAB1, PRODH2, PRRG4, PSD2, PTCHD3, PTGIS, PTPRH, PTPRN2, PVALB, RAB11FIP4, RAB26, RBP4, RECQL5, REEP6, REM1, REP15, RGS21, RGS7, RHOC, RMI2, RNF170, RNF212, RPA3, RRP7A, S100A5, SART1, SCO1, SENP3, SERP2, SESN2, SFRP4, SGPP1, SH3BP1, SLC12A4, SLC25A32, SLC27A4, SLC28A3, SLC29A2, SLC30A5, SLC31A2, SLC35B2, SLC38A10, SLC39A11, SLC6A1, SLC8A1, SLIT1, SLITRK4, SMIM14, SMIM15, SMTN, SMURF1, SMYD1, SNX22, SORT1, SOSTDC1, SOWAHA, SPATC1L, SPATS2L, SPOCK1, SPRN, SPTBN5, STIP1, STK11IP, STK38L, STXBP4, SYNE4, TAF9, TASP1, TBC1D21, TCP11L1, TCTE1, TEAD1, TEKT4, TFAP2D, TFB1M, TFCP2, TLDC2, TLL1, TLR8, TM2D2, TMEM107, TMEM116, TMEM119, TMEM151A, TMEM192, TMEM219, TMEM222, TMEM247, TMEM259, TMEM54, TMEM59, TMPRSS11F, TNF, TNFRSF11A, TNFRSF13B, TNFRSF4, TNS1, TOM1, TOM1L2, TOR1A, TP73, TPGS1, TPMT, TPRA1, TRAF1, TRAPPC9, TRPC4, TRPV4, TRUB1, TSPAN3, TUBG2, TULP2, TVP23B, UBAP2L, UBE2G2, UBTD1, UQCC1, VSIG4, WDR38, WSCD2, XPOT, YPEL1, ZBTB1, ZBTB42, ZBTB46, ZDHHC6, ZIC1, ZNF182, ZNF260, ZNF367, ZNF428, ZNF546, ZNF808, ZSCAN10",54.21,29.47,1.625031962848537e-156,4.875095888545611e-156
Mouse Day 1,Human Day 7,0.073,262,2140,1180,2407,1442,"ACSS2, ACTR6, AHR, ALG1, ANKRD16, ANKZF1, APOO, ARID3A, ARIH1, ARL8A, ASAP1, B4GALT5, BAIAP2, BASP1, BATF3, BCORL1, BRI3, BTG2, C1GALT1C1, CASP8, CBL, CBLL1, CCDC153, CCDC82, CCRL2, CCT4, CD14, CD300LF, CD38, CD48, CD79A, CDCA4, CDS2, CEP128, CEP350, CEP57, CEP63, CFP, CHD2, CHFR, CKS2, CLEC4E, COX7A2L, CPD, CPNE5, CREB1, CRISPLD2, CSRP2, CXCR1, CXCR2, DCAF12, DGAT2, DHX8, DNAJB14, DUSP12, DUSP6, EBAG9, EBP, EEF1E1, EIF3E, EIF3F, ELF4, EMILIN2, EMP1, ENOPH1, ENPP4, ERP29, EZH2, FAM174A, FAM89B, FBXO16, FGL2, FLOT2, FOSL2, FPR1, FPR2, FXYD6, GATA2, GGCT, GNA14, GNB4, GORASP2, GPR18, GPRC5D, GZMA, HAUS4, HDAC4, HERPUD1, HLX, HSPA14, HTR6, IDH2, IER2, IFNAR1, IGF1, IL18R1, IL1R2, INO80D, ITPA, KCNN3, KCTD15, KDELR2, KLHL21, KRAS, LAMP1, LDHD, LEPR, LGALS3, LMAN2, LRG1, LRRC8A, LYPLAL1, MADCAM1, MAF1, MAGOH, MAGOHB, MAPKAPK3, MBOAT1, MBTPS1, MDP1, MEF2C, METRNL, MEX3C, MGAT2, MLLT11, MPEG1, MPPE1, MRC2, MRPL18, MRPL21, MRPL27, MRPL3, MRPL39, MRPL53, MRPS26, NDUFAB1, NDUFV2, NECAB2, NFIC, NMB, NPC2, NPM1, NRBF2, NT5C2, NXT1, OPTN, OSCAR, OSGIN1, P2RY13, PACS2, PDCD10, PELI1, PHC2, PHPT1, PIK3C2A, PIP4K2A, PLAC8, PLCB1, PLCB2, PLEKHM3, PLIN4, PLOD1, PLXND1, PPP1R3D, PPP3CC, PRAM1, PRCP, PTGS2, PTPRJ, PTTG1IP, PYGL, QSOX1, RAB11FIP4, RAB26, RAB43, RAF1, RBKS, RBM17, RBM39, RDH14, RFX3, RMI2, RPA3, RPAIN, RPGR, RPIA, RPL15, RPS27L, RSL24D1, RUNDC1, SART1, SCFD1, SCO2, SDC1, SEC61B, SERPING1, SESN2, SGK1, SIAH2, SLA, SLC16A3, SLC25A44, SLC27A4, SLC31A2, SLC37A2, SLC38A10, SLC8A1, SLCO3A1, SMPDL3A, SNRPC, SORT1, SPAG9, SPCS2, SPG21, SRCAP, SRRM2, SRSF10, ST6GALNAC6, STAC3, STAG2, STEAP4, STK11IP, STX11, SUOX, TAF8, TAF9, TBCA, TBPL1, TFB2M, THBD, THOC7, TLR8, TM6SF1, TMED2, TMED3, TMEM126B, TMEM33, TMEM9B, TNFRSF13B, TNS1, TNS3, TOM1, TOP3A, TRAM2, TRAPPC9, TRMT112, TSC22D3, TSHR, TSPAN14, TXNIP, UBE2Q2, UBOX5, UBTD1, UBXN2B, UFL1, UQCRFS1, VPS13A, VSIG4, WLS, XCL1, ZBTB1, ZFP36L2",10.88,18.17,0,0
Mouse Day 1,Human Day 3,0.061,164,1245,1278,1412,1442,"ABI3, ADAM19, AGPAT3, AHR, AIFM1, AIM2, ARMC2, ASCL2, ATF2, ATF3, AZIN1, B2M, BAIAP2, BASP1, BRD4, BTG1, BTG2, C1GALT1C1, C1QB, C3, CASP8, CCDC142, CCDC153, CDC37L1, CDC42EP5, CHI3L1, CMTM5, CPD, CREB1, CX3CR1, CXCR2, DCAF12, DDB2, DGAT2, DHRS9, DRAP1, EIF1B, EIF4A2, ELFN1, ETV3, EVI2A, FAIM, FAM13B, FAM174A, FANCA, FBXO34, FEM1C, FOSL2, FPR2, GPR137B, GSS, GTF2B, HAT1, HERPUD1, HHEX, HLX, HS3ST1, HSPA14, IDH2, IL18R1, IL1R2, INTS12, KCNC3, KLHL21, KRAS, KRCC1, LGALS3, LHX3, LRRC8A, MADCAM1, MDP1, MED21, MEF2C, METRNL, MIA, MIER1, MOB4, MOV10, MRC2, MRPL50, MTFMT, MTIF3, NDUFB3, NECAB2, NIP7, NLRC3, NRBF2, NSUN6, NT5C2, OAT, OSGIN1, OSGIN2, P2RY14, PCGF5, PELI1, PHC2, PIM3, PIP4K2A, PIWIL4, PLIN4, PLXND1, POLR2F, PROK2, PSMC6, PSME4, PTGS2, PTPRO, RAF1, RBM39, RER1, RETN, RNASE6, RNF145, RPGR, RPIA, RPS27L, RSL24D1, S100A8, S100A9, SACM1L, SAMD9L, SEC61B, SFTPD, SGK1, SIAH2, SLC31A2, SLC37A2, SLITRK4, SNX22, SNX6, SORT1, SPAG9, SPATS2L, SPCS2, SRGN, SRSF6, SRSF9, STAC3, STAG2, STARD3NL, TANK, TCF4, TDP2, TEAD1, TFB2M, TGIF1, THBD, THOC7, TLE1, TMC5, TMED2, TMEM107, TMEM59, TNS1, TOPORS, TRMT112, TRPM4, TSPAN14, TSPAN5, UBE2A, UBE2H, UBE2J2, WLS, ZDHHC6",11.61,11.37,0,0
Mouse Day 1,Mouse Day 7,0.062,97,1345,123,1442,220,"ABI3, ACTL7A, ALOX15, ASS1, ATP6V1E2, ATP8B3, BAIAP2, BRD2, C11orf86, C1QL2, C3, C5AR2, CDCP2, CDS2, CEBPE, CFP, CLEC4E, CNTN6, COPZ2, CSF1, CTRL, CYP21A2, D2HGDH, DLK2, DOC2A, DPP6, FAM124B, FAM216B, FAM83F, FAM83G, FGB, FGF8, FOXF1, FUOM, GRIK3, HTR6, IFT140, IGFN1, IGSF9B, IL11, IL1R2, INO80E, INPP5J, IQSEC3, KIF26A, LCN10, LCN2, LEFTY2, LIX1L, LTB4R, MADCAM1, MSGN1, MTUS1, MYOZ3, NR1H2, NXN, ONECUT2, OSER1, OTOP1, PIGZ, PLCB2, PMF1, PNLDC1, PNLIPRP1, PNMA3, PNMA5, PODNL1, PRG2, PTCHD3, PTPRH, PTPRN2, PYGL, RAB26, RBP4, RECQL5, REM1, RGS7, RRP7A, SCTR, SEMA7A, SERPING1, SLC28A3, SLC6A1, SOWAHA, SYNPO2, TEAD1, TEKT4, TFAP2D, TM2D2, TNFRSF11A, TNS4, TOM1, TRPC4, TRUB1, UBAP2L, ZBTB32, ZBTB46",6.73,44.09,3.880934297829711e-122,7.761868595659422e-122
Mouse Day 7,Human Day 1,0.013,85,6201,135,6293,220,"ACTL7A, ADAM8, ALAS1, ALOX15, ARAP3, ARL2BP, ASGR2, ASS1, ATP9A, BAIAP2, BAIAP2L2, BRD2, C3, CAMK1, CCPG1, CDS2, CFP, CHAC1, CLCN5, CLEC4E, COPZ2, CRYAB, CSF1, CTRL, D2HGDH, DENND5A, DNAH17, DPP6, ENO3, FAM110A, FAM124B, FAM83F, FAM83G, FFAR2, FGFBP3, FKRP, GRIK3, HKDC1, IFT140, IL1R2, IL1RL1, INO80E, KCND3, LIX1L, LMF1, LRRC25, MVK, MYOZ3, NCF1, NR1H2, PADI4, PIGZ, PLA2G2E, PLCB2, PMF1, PNLIPRP1, POC5, PRSS8, PTPRN2, RACGAP1, RECK, RRP7A, SCAF1, SCGB1A1, SH2D2A, SH3PXD2A, SLC38A7, SLPI, SMPD3, SRGAP2, STAMBP, SYNPO2, TAMM41, TEAD1, TGIF2, TM7SF2, TNFRSF11A, TOM1, TST, UBAP2L, USP54, WDR45, YBX2, YY2, ZDHHC12",1.35,38.64,3.1520707874469144e-221,1.2608283149787658e-220
Mouse Day 7,Mouse Day 3,0.117,105,679,115,784,220,"ACTL7A, ASGR2, ASS1, ATP6V1E2, ATP8B3, BRD2, C11orf86, C16orf92, C1QL2, CAMKV, CDCP2, CLCN5, CLDN11, CNTN6, COPZ2, CSF1, CTRL, CYP21A2, D2HGDH, DENND5A, DLK2, DOC2A, DPP6, FAM124B, FAM216B, FAM83F, FAM83G, FGB, FGF8, FGFBP3, FMO3, FOXF1, GNL3L, GRIK3, HTR6, IFT140, IGFN1, IGSF9B, IL11, INO80E, KIF26A, LCN10, LCN2, LEFTY2, MADCAM1, MAPK15, MBTPS2, MSGN1, MT4, MTUS1, MVK, MYOZ3, NR1H2, NXN, ONECUT2, OTOP1, PDE6B, PIGZ, PLCB2, PLS1, PNLIPRP1, PNMA3, PNMA5, POC5, PODNL1, PRSS8, PTCHD1, PTCHD3, PTPRH, PTPRN2, RAB26, RBP1, RBP4, RECQL5, REM1, RGS7, RRP7A, SCGB1A1, SH3PXD2A, SLC28A3, SLC6A1, SOWAHA, SRGAP2, STIL, STRIP2, SYN3, TAS1R3, TAT, TEAD1, TEKT4, TFAP2D, TM2D2, TM7SF2, TNFRSF11A, TOM1, TRPC4, TRUB1, TSSK1B, TST, UBAP2L, UGGT2, VPS51, YY2, ZBTB46, ZDHHC12",13.39,47.73,8.967352969862089e-84,8.967352969862089e-84
Mouse Day 7,Human Day 7,0.015,39,2363,181,2407,220,"ADAM8, ALOX5, ANKRD9, ARAP3, ASGR2, BAIAP2, CAMK1, CCPG1, CDS2, CFP, CHAC1, CLCN5, CLEC4E, DACH1, DENND5A, FAM110A, GNL3L, HTR6, IL1R2, LRRC25, MADCAM1, MAPK6, NCF1, P2RX1, PADI4, PLCB2, PPP1R3B, PYGL, RAB26, SAMM50, SCAF1, SCGB1A1, SERPING1, SRGAP2, TM7SF2, TNFSF14, TOM1, TST, ZDHHC12",1.62,17.73,1.818123017494651e-240,1.0908738104967906e-239
Mouse Day 7,Human Day 3,0.012,20,1389,200,1412,220,"ABI3, ALAS1, ALOX5, ANKRD9, ARAP3, BAIAP2, C3, CALY, CCPG1, CLCN5, DENND5A, FAM110A, IL1R2, MADCAM1, PPP1R3B, SRGAP2, TEAD1, TM7SF2, TST, WDR45",1.42,9.09,1.8601000692007126e-233,9.3005003460035635e-233
Mouse Day 7,Mouse Day 1,0.062,97,1345,123,1442,220,"ABI3, ACTL7A, ALOX15, ASS1, ATP6V1E2, ATP8B3, BAIAP2, BRD2, C11orf86, C1QL2, C3, C5AR2, CDCP2, CDS2, CEBPE, CFP, CLEC4E, CNTN6, COPZ2, CSF1, CTRL, CYP21A2, D2HGDH, DLK2, DOC2A, DPP6, FAM124B, FAM216B, FAM83F, FAM83G, FGB, FGF8, FOXF1, FUOM, GRIK3, HTR6, IFT140, IGFN1, IGSF9B, IL11, IL1R2, INO80E, INPP5J, IQSEC3, KIF26A, LCN10, LCN2, LEFTY2, LIX1L, LTB4R, MADCAM1, MSGN1, MTUS1, MYOZ3, NR1H2, NXN, ONECUT2, OSER1, OTOP1, PIGZ, PLCB2, PMF1, PNLDC1, PNLIPRP1, PNMA3, PNMA5, PODNL1, PRG2, PTCHD3, PTPRH, PTPRN2, PYGL, RAB26, RBP4, RECQL5, REM1, RGS7, RRP7A, SCTR, SEMA7A, SERPING1, SLC28A3, SLC6A1, SOWAHA, SYNPO2, TEAD1, TEKT4, TFAP2D, TM2D2, TNFRSF11A, TNS4, TOM1, TRPC4, TRUB1, UBAP2L, ZBTB32, ZBTB46",6.73,44.09,3.880934297829711e-122,7.761868595659422e-122
