term,score,term_auc,is_gold
VDR 20736230 CHIP-SEQ LYMPHOBLASTOID HUMAN,3.02734375,0.7666015625,false
LYL1 20887958 CHIP-SEQ HPC-7 MOUSE,2.890625,0.787109375,false
GATA2 20887958 CHIP-SEQ HPC-7 MOUSE,2.607421875,0.798828125,false
P300 27268052 CHIP-SEQ BCELLS HUMAN,2.57421875,0.78173828125,false
LMO2 20887958 CHIP-SEQ HPC-7 MOUSE,2.568359375,0.80224609375,true
RUNX1 20887958 CHIP-SEQ HPC-7 MOUSE,2.521484375,0.81591796875,false
SPI1 20517297 CHIP-SEQ HL60 HUMAN,2.474609375,0.7734375,false
SCL 19346495 CHIP-SEQ HPC-7 HUMAN,2.466796875,0.84619140625,false
GATA3 27048872 CHIP-SEQ THYMUS HUMAN,2.44921875,0.8154296875,false
TAL1 30185409 CHIP-SEQ K562 MOUSE BONEMARROW LEUKEMIA,2.439453125,0.80078125,false
CEBPB 20176806 CHIP-SEQ THIOMACROPHAGE MOUSE,2.396484375,0.798828125,false
CEBPB 20176806 CHIP-SEQ MACROPHAGES MOUSE,2.359375,0.806640625,false
GATA1 21571218 CHIP-SEQ MEGAKARYOCYTES HUMAN,2.357421875,0.830078125,true
SCL 21571218 CHIP-SEQ MEGAKARYOCYTES HUMAN,2.33984375,0.82763671875,false
GATA1 30185409 CHIP-SEQ HPC MOUSE BONEMARROW LEUKEMIA,2.30859375,0.80224609375,false
RUNX1 22897851 CHIP-SEQ JUKARTE6-1 HUMAN,2.3046875,0.7822265625,false
GATA1 19941827 CHIP-SEQ MEL86 MOUSE,2.291015625,0.81201171875,false
LYL1 30185409 CHIP-SEQ K562 MOUSE BONEMARROW LEUKEMIA,2.271484375,0.80029296875,false
CEBPA 20513432 CHIP-SEQ MACROPHAGES MOUSE,2.25,0.79931640625,false
PPARG 20176806 CHIP-SEQ THIOMACROPHAGE MOUSE,2.23828125,0.80078125,false
STAT1 20625510 CHIP-SEQ HELA HUMAN,2.1953125,0.7685546875,false
EBNA2 21746931 CHIP-SEQ IB4-LCL HUMAN,2.1953125,0.76025390625,false
GATA1 30185409 CHIP-SEQ K562 MOUSE BONEMARROW LEUKEMIA,2.1953125,0.796875,false
RUNX1 22343733 CHIP-SEQ KASUMI1 HUMAN PERIPHBLOOD AML,2.1796875,0.78271484375,false
RBPJ 21746931 CHIP-SEQ IB4-LCL HUMAN,2.1640625,0.76806640625,false
OCT4 20526341 CHIP-SEQ ESCS HUMAN,2.140625,0.76611328125,false
CEBPB 20513432 CHIP-SEQ MACROPHAGES MOUSE,2.056640625,0.8037109375,false
OCT4 19829295 CHIP-SEQ ESCS HUMAN,2.04296875,0.79443359375,false
IRF8 27001747 CHIP-SEQ BMDM MOUSE,2.01953125,0.84423828125,false
VDR 24763502 CHIP-SEQ THP-1 HUMAN,2.015625,0.833984375,false
RUNX2 22187159 CHIP-SEQ C42B HUMAN PROSTATECANCER,2.00390625,0.828125,false
ARID1A 32646524 CHIP-SEQ H9 HUMAN BONEMARROW LYMPHOMA,2.00390625,0.828125,false
SPI1 20176806 CHIP-SEQ THIOMACROPHAGE MOUSE,1.99609375,0.80615234375,true
PU.1 20176806 CHIP-SEQ MACROPHAGES MOUSE,1.9912109375,0.80322265625,false
PU.1 20513432 CHIP-SEQ MACROPHAGES MOUSE,1.9375,0.8125,true
RUNX1 30185409 CHIP-SEQ K562 MOUSE BONEMARROW LEUKEMIA,1.9296875,0.802734375,false
TAL1 22897851 CHIP-SEQ JUKARTE6-1 HUMAN,1.927734375,0.78369140625,false
STAT4 19710469 CHIP-CHIP TH1 MOUSE,1.9150390625,0.8388671875,true
AR 27623747 CHIP-SEQ 22RV1 MOUSE PROSTATE CARCINOMA,1.912109375,0.7763671875,false
BMI1 19503595 CHIP-SEQ MEFSC MOUSE,1.9091796875,0.77197265625,false
TAF2 19829295 CHIP-SEQ ESCS HUMAN,1.9072265625,0.75927734375,false
ERA 21632823 CHIP-SEQ H3396 HUMAN,1.8837890625,0.7685546875,false
SOX4 29892750 CHIP-SEQ EML MOUSE BONEMARROW,1.8818359375,0.75439453125,false
BCL6 25482012 CHIP-SEQ CML-JURL-MK1 HUMAN,1.869140625,0.787109375,false
BCOR 27268052 CHIP-SEQ BCELLS HUMAN,1.861328125,0.7763671875,false
GATA3 26560356 CHIP-SEQ TH2 HUMAN,1.8154296875,0.794921875,false
P63 20808887 CHIP-SEQ KERATINOCYTES HUMAN,1.7978515625,0.779296875,false
CIITA 18437201 CHIP-CHIP RAJI B AND IDC HUMAN,1.779296875,0.8095703125,false
TFAP2A 17053090 CHIP-CHIP MCF-7 HUMAN,1.7646484375,0.80810546875,false
KLF4 19829295 CHIP-SEQ ESCS HUMAN,1.751953125,0.7939453125,false
NANOG 20526341 CHIP-SEQ ESCS HUMAN,1.7470703125,0.7568359375,false
GATA2 19941826 CHIP-SEQ K562 HUMAN,1.7314453125,0.8232421875,false
EGR1 19032775 CHIP-CHIP M12 HUMAN,1.7216796875,0.78173828125,false
MYC 19829295 CHIP-SEQ ESCS HUMAN,1.7158203125,0.76611328125,false
RELA 24523406 CHIP-SEQ FIBROSARCOMA HUMAN,1.7138671875,0.859375,false
RUNX1 22343733 CHIP-SEQ PBMC HUMAN BONEMARROW,1.6953125,0.7900390625,false
RAC3 21632823 CHIP-SEQ H3396 HUMAN,1.6904296875,0.77294921875,true
MYB 26560356 CHIP-SEQ TH2 HUMAN,1.6806640625,0.82861328125,false
CEBPB 26923725 CHIP-SEQ MACROPHAGESS MOUSE,1.677734375,0.7939453125,false
SMAD4 21741376 CHIP-SEQ ESCS HUMAN,1.6728515625,0.798828125,false
IRF8 22096565 CHIP-CHIP GC-B HUMAN,1.6474609375,0.8798828125,false
ELF1 20517297 CHIP-SEQ JURKAT HUMAN,1.6474609375,0.77490234375,false
PBX 27287812 CHIP-SEQ EMBYONIC-LIMB MOUSE,1.6474609375,0.80615234375,false
BCL6 27268052 CHIP-SEQ BCELLS HUMAN,1.626953125,0.78125,false
YY1 22570637 CHIP-SEQ MALME-3M HUMAN,1.6064453125,0.7685546875,false
STAT5B 24692510 CHIP-SEQ EPITHELIUM MOUSE MAMMARY,1.6064453125,0.81982421875,false
SOX11 23321250 CHIP-CHIP Z138-A519-JVM2 HUMAN,1.6044921875,0.8056640625,false
CTCF 21964334 CHIP-SEQ BJAB-B HUMAN,1.6044921875,0.79443359375,false
VDR 24787735 CHIP-SEQ THP-1 HUMAN,1.6015625,0.8193359375,false
EBNA1 20929547 CHIP-SEQ RAJI-CELLS HUMAN,1.5986328125,0.765625,false
P53 21459846 CHIP-SEQ SAOS-2 HUMAN,1.576171875,0.7666015625,false
RUNX 20019798 CHIP-SEQ JUKART HUMAN,1.5732421875,0.8359375,false
IRF1 21803131 CHIP-SEQ MONOCYTES HUMAN,1.560546875,0.8271484375,false
CSB 26484114 CHIP-SEQ FIBROBLAST HUMAN,1.560546875,0.78662109375,false
SPI1 26923725 CHIP-SEQ MACROPHAGESS MOUSE,1.54296875,0.7890625,false
RAD21 21589869 CHIP-SEQ MESCS MOUSE,1.54296875,0.79052734375,false
CTCF 20526341 CHIP-SEQ ESCS HUMAN,1.5380859375,0.7705078125,true
FOXH1 21741376 CHIP-SEQ ESCS HUMAN,1.5380859375,0.7802734375,false
PBX1 22567123 CHIP-CHIP OVCAR3 HUMAN,1.533203125,0.767578125,false
JARID1B-DAIN 22020125 CHIP-SEQ ESCS MOUSE,1.5224609375,0.796875,false
SMRT 27268052 CHIP-SEQ BCELLS HUMAN,1.5,0.798828125,false
GATA3 21878914 CHIP-SEQ MCF-7 HUMAN,1.4970703125,0.7734375,false
GATA1 19941826 CHIP-SEQ K562 HUMAN,1.494140625,0.8134765625,false
RXRA 24833708 CHIP-SEQ LIVER MOUSE,1.494140625,0.79296875,false
DNAJC2 21179169 CHIP-CHIP NT2 HUMAN,1.4814453125,0.8046875,false
E2F1 20622854 CHIP-SEQ HELA HUMAN,1.46875,0.7861328125,false
SMC3 22415368 CHIP-SEQ MEFS MOUSE,1.466796875,0.81591796875,false
P63 26484246 CHIP-SEQ KERATINOCYTES HUMAN,1.466796875,0.818359375,false
GATA2 21571218 CHIP-SEQ MEGAKARYOCYTES HUMAN,1.4560546875,0.80859375,false
FLI1 26923725 CHIP-SEQ HEMOGENIC-ENDOTHELIUM MOUSE,1.443359375,0.79833984375,false
SPI1 26923725 CHIP-SEQ HPCS MOUSE,1.443359375,0.79248046875,false
SOX2 21211035 CHIP-SEQ LN229 HUMAN,1.43359375,0.77099609375,false
MYB 26560356 CHIP-SEQ TH1 HUMAN,1.4287109375,0.833984375,false
DPY 21335234 CHIP-SEQ ESCS MOUSE,1.4208984375,0.80810546875,false
PU.1 20513432 CHIP-SEQ BCELLS MOUSE,1.41796875,0.81103515625,false
PPARG 20176806 CHIP-SEQ MACROPHAGES MOUSE,1.400390625,0.822265625,false
SOX11 22085726 CHIP-SEQ ESNS MOUSE,1.3974609375,0.7919921875,false
STAT3 19079543 CHIP-CHIP MESCS MOUSE,1.392578125,0.82080078125,false
MYC 27129775 CHIP-SEQ CORNEA MOUSE,1.390625,0.810546875,false
PHF8 20622854 CHIP-SEQ HELA HUMAN,1.3671875,0.77880859375,false
SMRT 22465074 CHIP-SEQ MACROPHAGES MOUSE,1.359375,0.859375,true
GATA3 21867929 CHIP-SEQ CD8 MOUSE,1.349609375,0.78076171875,false
CEBPB 22108803 CHIP-SEQ LS180 HUMAN,1.3466796875,0.7744140625,false
SMAD2/3 21741376 CHIP-SEQ ESCS HUMAN,1.326171875,0.77783203125,true
MYC 19915707 CHIP-CHIP AK7 HUMAN,1.31640625,0.80419921875,true
GATA3 21867929 CHIP-SEQ TH1 MOUSE,1.30859375,0.78369140625,true
FLI1 21867929 CHIP-SEQ CD8 MOUSE,1.306640625,0.79296875,false
TCF21 26020271 CHIP-SEQ SMOOTH MUSCLE HUMAN,1.2880859375,0.841796875,false
IRF8 21731497 CHIP-CHIP J774 MOUSE,1.2734375,0.828125,false
LDB1 21186366 CHIP-SEQ BM-HSCS MOUSE,1.2705078125,0.78662109375,false
CTCF 26484167 CHIP-SEQ BCELLS MOUSE,1.2705078125,0.80029296875,false
NEUROD2 26341353 CHIP-SEQ CORTEX MOUSE,1.2626953125,0.791015625,false
TBX2 33478486 CHIP-SEQ IMR90 HUMAN LUNG,1.2548828125,0.80810546875,false
SPI1 23547873 CHIP-SEQ NB4 HUMAN,1.25,0.86083984375,true
GATA1 19941827 CHIP-SEQ MEL MOUSE,1.2451171875,0.8330078125,true
VDR 23401126 CHIP-SEQ LCL-AND-THP1 HUMAN,1.232421875,0.82861328125,false
CTCF 21964334 CHIP-SEQ BCELLS HUMAN,1.2275390625,0.80126953125,false
ETS1 22383799 CHIP-SEQ G1ME MOUSE,1.224609375,0.8046875,false
MYCN 27167114 CHIP-SEQ NEUROBLASTOMA HUMAN,1.20703125,0.7998046875,false
E2A 27217539 CHIP-SEQ RAMOS-CELL LINE HUMAN,1.189453125,0.82275390625,false
FOXO1 25302145 CHIP-SEQ T-LYMPHOCYTE MOUSE,1.1787109375,0.8408203125,false
STAT6 20620947 CHIP-SEQ CD4 POS T HUMAN,1.158203125,0.86865234375,false
TCF12/HEB 22897851 CHIP-SEQ JUKARTE6-1 HUMAN,1.158203125,0.7978515625,false
REST 18959480 CHIP-CHIP MESCS MOUSE,1.158203125,0.818359375,false
STAT3 20064451 CHIP-SEQ CD4+T MOUSE,1.1484375,0.8427734375,false
SOX2 22085726 CHIP-SEQ NPCS MOUSE,1.1455078125,0.77685546875,false
RUNX1 27514584 CHIP-SEQ MCF-7 HUMAN,1.130859375,0.82373046875,false
TDRD3 21172665 CHIP-SEQ MCF-7 HUMAN,1.125,0.77783203125,false
SOX3 22085726 CHIP-SEQ MUSCLE MOUSE,1.1181640625,0.78955078125,false
BRD4 27068464 CHIP-SEQ AML-CELLS MOUSE,1.10546875,0.8427734375,true
ETV2 25802403 CHIP-SEQ MESCS MOUSE,1.08984375,0.77001953125,false
RUNX1 22412390 CHIP-SEQ EML MOUSE,1.08984375,0.8369140625,false
RCOR3 21632747 CHIP-SEQ MESCS MOUSE,1.08984375,0.81396484375,false
ETS1 21867929 CHIP-SEQ TH2 MOUSE,1.08203125,0.79638671875,false
ELK4 26923725 CHIP-SEQ MESODERM MOUSE,1.068359375,0.796875,false
RARA 24833708 CHIP-SEQ LIVER MOUSE,1.064453125,0.79638671875,false
RUNX1 21571218 CHIP-SEQ MEGAKARYOCYTES HUMAN,1.0537109375,0.84912109375,true
ZNF652 21678463 CHIP-CHIP ZR75-1 HUMAN,1.048828125,0.77001953125,false
ESET 19884257 CHIP-SEQ ESCS MOUSE,1.0361328125,0.7919921875,false
SA1 22415368 CHIP-SEQ MEFS MOUSE,1.03125,0.8154296875,false
PU 27001747 CHIP-SEQ BMDM MOUSE,1.0244140625,0.833984375,true
PPARA 22158963 CHIP-SEQ LIVER MOUSE,1.0146484375,0.8564453125,false
AR 35650195 CHIP-SEQ DSRCT HUMAN MESENCHYMAL SARCOMA,1.009765625,0.7958984375,false
IKZF1 21737484 CHIP-CHIP HCT116 HUMAN,1.0048828125,0.79638671875,false
UTX 26944678 CHIP-SEQ JUKART HUMAN,1.001953125,0.83544921875,false
MYCN 19997598 CHIP-CHIP NEUROBLASTOMA HUMAN,0.9931640625,0.78955078125,false
FLI1 26923725 CHIP-SEQ MACROPHAGESS MOUSE,0.990234375,0.80078125,false
MAF 26560356 CHIP-SEQ TH1 HUMAN,0.98681640625,0.8505859375,false
STAT1 17558387 CHIP-SEQ HELA HUMAN,0.9853515625,0.79052734375,false
GATA2 22383799 CHIP-SEQ G1ME MOUSE,0.9853515625,0.8203125,true
REST 21632747 CHIP-SEQ MESCS MOUSE,0.97412109375,0.82568359375,false
SRY 25088423 CHIP-CHIP EMBRYONIC GONADS MOUSE,0.97265625,0.80810546875,false
GATA3 22897851 CHIP-SEQ JUKARTE6-1 HUMAN,0.95458984375,0.78466796875,false
MECOM 23826213 CHIP-SEQ KASUMI MOUSE,0.9521484375,0.8671875,false
HAND2 30127528 CHIP-SEQ KELLY HUMAN BRAIN NEUROBLASTOMA,0.951171875,0.84033203125,false
TP63 30713093 CHIP-SEQ EPITHELIAL HUMAN TONGUE SCC,0.9482421875,0.82275390625,false
TP63 22573176 CHIP-SEQ HFKS HUMAN,0.939453125,0.82080078125,true
RXR 22158963 CHIP-SEQ LIVER MOUSE,0.9384765625,0.86328125,false
MAF 26560356 CHIP-SEQ TH2 HUMAN,0.93212890625,0.84619140625,false
KLF5 25053715 CHIP-SEQ YYC3 HUMAN,0.92041015625,0.81494140625,false
SPI1 23127762 CHIP-SEQ K562 HUMAN,0.9013671875,0.83251953125,false
MNX1 26342078 CHIP-SEQ MIN6-4N MOUSE,0.8896484375,0.810546875,false
DROSHA 22980978 CHIP-SEQ HELA HUMAN,0.888671875,0.85107421875,false
RARB 24833708 CHIP-SEQ LIVER MOUSE,0.88720703125,0.80322265625,false
LUZP1 20508642 CHIP-SEQ ESCS MOUSE,0.8759765625,0.8134765625,false
NFE2L2 22581777 CHIP-SEQ LYMPHOBLASTOID HUMAN,0.8515625,0.82275390625,false
SMC1 22415368 CHIP-SEQ MEFS MOUSE,0.84765625,0.82568359375,false
RUNX1 17652178 CHIP-CHIP JURKAT HUMAN,0.83642578125,0.818359375,false
STAT5A 24692510 CHIP-SEQ EPITHELIUM MOUSE MAMMARY,0.82763671875,0.8408203125,false
CTCF 27219007 CHIP-SEQ ERYTHROID HUMAN,0.826171875,0.8232421875,false
TAL1 20566737 CHIP-SEQ PRIMARY FETAL LIVER ERYTHROID MOUSE,0.82373046875,0.837890625,false
NCOR 22465074 CHIP-SEQ MACROPHAGES MOUSE,0.8134765625,0.85986328125,true
FOXH1 21741376 CHIP-SEQ EPCS HUMAN,0.8056640625,0.7734375,false
NR0B1 18358816 CHIP-CHIP MESCS MOUSE,0.79931640625,0.82275390625,false
E2F1 17053090 CHIP-CHIP MCF-7 HUMAN,0.7890625,0.8095703125,false
VDR 21846776 CHIP-SEQ THP-1 HUMAN,0.78662109375,0.84228515625,false
MEIS1 20887958 CHIP-SEQ HPC-7 MOUSE,0.78173828125,0.8271484375,true
FLI1 21571218 CHIP-SEQ MEGAKARYOCYTES HUMAN,0.7802734375,0.85205078125,false
SMC4 20622854 CHIP-SEQ HELA HUMAN,0.77001953125,0.8046875,false
RCOR2 21632747 CHIP-SEQ MESCS MOUSE,0.763671875,0.802734375,false
SETDB1 19884257 CHIP-SEQ MESCS MOUSE,0.7548828125,0.79736328125,false
GATA1 22383799 CHIP-SEQ G1ME MOUSE,0.72802734375,0.830078125,false
ESR1 20056654 CHIP-SEQ MCF-7 HUMAN BREASTCANCER,0.7255859375,0.81689453125,false
GATA6 21074721 CHIP-SEQ CACO-2 MOUSE,0.712890625,0.88134765625,false
OLIG2 26023283 CHIP-SEQ AINV15 MOUSE,0.69873046875,0.82666015625,false
KLF1 20508144 CHIP-SEQ FETAL-LIVER-ERYTHROID MOUSE,0.68603515625,0.81103515625,false
SA1 27219007 CHIP-SEQ ERYTHROID HUMAN,0.68603515625,0.8212890625,false
SA1 27219007 CHIP-SEQ BCELLS HUMAN,0.68505859375,0.82177734375,false
LXR 22158963 CHIP-SEQ LIVER MOUSE,0.68212890625,0.8525390625,false
SMAD1 26771354 CHIP-SEQ MESC MOUSE STEM,0.66943359375,0.81689453125,false
FOXO1 23066095 CHIP-SEQ LIVER MOUSE,0.6630859375,0.83349609375,false
AF4 28076791 CHIP-SEQ SEM HUMAN BLOOD LEUKEMIA,0.658203125,0.88623046875,false
POU2F1 35413990 CHIP-SEQ HUMAN ARNEGCRPROSTATECANCER,0.650390625,0.80078125,false
KAP1 27257070 CHIP-SEQ ESCS MOUSE,0.64794921875,0.81103515625,false
JUN 26020271 CHIP-SEQ SMOOTH MUSCLE HUMAN,0.64306640625,0.8134765625,false
STAT5A 28732065 CHIP-SEQ J2E MOUSE BLOOD,0.62890625,0.84423828125,false
POU5F1 16518401 CHIP-PET MESCS MOUSE,0.625,0.8173828125,false
JUND 26020271 CHIP-SEQ SMOOTH MUSCLE HUMAN,0.62109375,0.814453125,false
SRY 22984422 CHIP-CHIP TESTIS RAT,0.60595703125,0.7890625,false
MITF 21258399 CHIP-SEQ MELANOMA HUMAN,0.6044921875,0.85693359375,false
FOXI1 33610681 CHIP-SEQ GES1 HUMAN GASTRIC CARCINOMA,0.5947265625,0.81298828125,false
GATA2 21186366 CHIP-SEQ BM-HSCS MOUSE,0.5869140625,0.822265625,false
SOX3 22085726 CHIP-SEQ NPCS MOUSE,0.58447265625,0.8154296875,false
TP53 23651856 CHIP-SEQ MEFS MOUSE,0.58447265625,0.83544921875,false
SPI1 22096565 CHIP-CHIP GC-B MOUSE,0.5791015625,0.85595703125,false
P68 20966046 CHIP-SEQ HELA HUMAN,0.57177734375,0.78857421875,false
ZFP281 27345836 CHIP-SEQ ESCS MOUSE,0.5576171875,0.84521484375,false
NCOR1 26117541 CHIP-SEQ K562 HUMAN,0.54736328125,0.833984375,false
EP300 20729851 CHIP-SEQ FORBRAIN MIDBRAIN LIMB HEART MOUSE,0.54248046875,0.85595703125,false
CHD7 19251738 CHIP-CHIP MESCS MOUSE,0.5361328125,0.7919921875,false
AR 35413990 CHIP-SEQ HUMAN ARPOSCRPROSTATECANCER,0.533203125,0.8173828125,false
SOX9 25088423 CHIP-CHIP EMBRYONIC GONADS MOUSE,0.53076171875,0.80029296875,false
GATA2 21666600 CHIP-SEQ HMVEC HUMAN,0.52587890625,0.85009765625,false
SMAD1 18555785 CHIP-SEQ MESCS MOUSE,0.5244140625,0.802734375,false
ERG 21242973 CHIP-CHIP JURKAT HUMAN,0.52197265625,0.83203125,false
WDR5 24793694 CHIP-SEQ LNCAP HUMAN,0.52197265625,0.7919921875,false
CREB1 26743006 CHIP-SEQ LNCAP-ABL HUMAN,0.52197265625,0.83056640625,false
RARB 27405468 CHIP-SEQ BRAIN MOUSE,0.5205078125,0.83740234375,false
GTF3C2 35216376 CHIP-SEQ H9 HUMAN BONEMARROW LYMPHOMA,0.51708984375,0.81396484375,false
NR3C1 34362910 CHIP-SEQ WISTARRAT HIPPOCAMPUS,0.51416015625,0.85986328125,false
FLI1 20887958 CHIP-SEQ HPC-7 MOUSE,0.50390625,0.8447265625,false
OCT1 27270436 CHIP-SEQ PROSTATE HUMAN,0.50048828125,0.80029296875,false
KDM2B 26808549 CHIP-SEQ HPB-ALL HUMAN,0.481201171875,0.85107421875,false
UBF1/2 26484160 CHIP-SEQ HMECS HUMAN,0.47607421875,0.83740234375,false
ERG 20517297 CHIP-SEQ VCAP HUMAN,0.474853515625,0.7578125,false
SETDB1 19884255 CHIP-SEQ MESCS MOUSE,0.470947265625,0.8203125,false
PAX6 23342162 CHIP-CHIP BETA-FORBRAIN-LENS MOUSE,0.462158203125,0.77587890625,false
RUNX1 30185409 CHIP-SEQ HPC MOUSE BONEMARROW LEUKEMIA,0.44677734375,0.83935546875,false
SMAD3 21741376 CHIP-SEQ ESCS HUMAN,0.445556640625,0.806640625,false
NR3C1 34362910 CHIP-SEQ WISTARRAT HIPPOCAMPUS STRESS,0.4404296875,0.8583984375,false
SOX2 18692474 CHIP-SEQ MESCS MOUSE,0.436767578125,0.81787109375,false
AR 19668381 CHIP-SEQ PC3 HUMAN,0.436767578125,0.83447265625,false
TBX20 22080862 CHIP-SEQ HEART MOUSE,0.427734375,0.83251953125,false
TBX20 22328084 CHIP-SEQ HEART MOUSE,0.427734375,0.83251953125,false
STAT5 23275557 CHIP-SEQ MAMMARY-EPITHELIUM MOUSE,0.422607421875,0.8330078125,false
GATA3 26560356 CHIP-SEQ TH1 HUMAN,0.4150390625,0.78515625,false
POU5F1 18692474 CHIP-SEQ MESCS MOUSE,0.40234375,0.82275390625,false
CTCF 27219007 CHIP-SEQ BCELLS HUMAN,0.401123046875,0.81689453125,false
NFIB 24661679 CHIP-SEQ LUNG MOUSE,0.3984375,0.8349609375,false
GATA1 26923725 CHIP-SEQ HPCS MOUSE,0.371826171875,0.7861328125,false
TAL1 20887958 CHIP-SEQ HPC-7 MOUSE,0.3603515625,0.85546875,false
CHD4 35695185 CHIP-SEQ NICBASALROOTGANGLIA MOUSE EMBRYO,0.35009765625,0.85986328125,false
NR3C2 34362910 CHIP-SEQ WISTARRAT HIPPOCAMPUS STRESS,0.34765625,0.845703125,false
OCT4 18692474 CHIP-SEQ MEFS MOUSE,0.34375,0.82470703125,false
CTNNB1 20615089 CHIP-CHIP FETAL BRAIN HUMAN,0.33984375,0.80029296875,false
TCF7 22412390 CHIP-SEQ EML MOUSE,0.328369140625,0.85107421875,false
TET1 21490601 CHIP-SEQ MESCS MOUSE,0.32080078125,0.83056640625,false
BP1 19119308 CHIP-CHIP HS578T HUMAN,0.31689453125,0.77587890625,false
CDH4 35650610 CHIP-SEQ MESC MOUSE STEM AUTISM,0.31689453125,0.81494140625,false
NERF2 26677805 CHIP-SEQ MACROPHAGESS MOUSE,0.31201171875,0.857421875,false
GATA1 22025678 CHIP-SEQ K562 HUMAN,0.3017578125,0.76220703125,false
TBX4 33478486 CHIP-SEQ IMR90 HUMAN LUNG,0.3017578125,0.81005859375,false
NR3C2 34362910 CHIP-SEQ WISTARRAT HIPPOCAMPUS,0.299072265625,0.84814453125,false
KLF4 19030024 CHIP-CHIP MESCS MOUSE,0.294189453125,0.83642578125,false
DMRT1 23473982 CHIP-SEQ TESTES MOUSE,0.290283203125,0.85107421875,false
EZH2 23942234 CHIP-SEQ MYOBLASTS AND MYOTUBES MOUSE,0.28125,0.845703125,false
CTCF 18555785 CHIP-SEQ MESCS MOUSE,0.280029296875,0.8173828125,false
CTCF 33576154 CHIP-SEQ HUMAN PERIGASTRICLN PROSTATECANCER,0.280029296875,0.818359375,false
GATA6 21074721 CHIP-SEQ CACO-2 HUMAN,0.26611328125,0.88330078125,false
HOXB7 26014856 CHIP-SEQ BT474 HUMAN,0.264892578125,0.7890625,false
NANOG 18692474 CHIP-SEQ MEFS MOUSE,0.259765625,0.814453125,false
EGR1 20690147 CHIP-SEQ ERYTHROLEUKEMIA HUMAN,0.259765625,0.857421875,true
SOX9 22984422 CHIP-CHIP TESTIS RAT,0.251953125,0.7568359375,false
ERA 27197147 CHIP-SEQ ENDOMETRIOID-ADENOCARCINOMA HUMAN,0.24951171875,0.81982421875,false
LMO2 26923725 CHIP-SEQ HEMOGENIC-ENDOTHELIUM MOUSE,0.2457275390625,0.81689453125,false
BACH1 22875853 CHIP-PCR HELA AND SCP4 HUMAN,0.241943359375,0.82763671875,false
KDM2B 26808549 CHIP-SEQ JURKAT HUMAN,0.23046875,0.849609375,false
NANOG 18692474 CHIP-SEQ MESCS MOUSE,0.2291259765625,0.81591796875,false
NCOR 22424771 CHIP-SEQ 293T HUMAN,0.2279052734375,0.77001953125,false
TCF3 18347094 CHIP-CHIP MESCS MOUSE,0.2265625,0.8232421875,false
ESR1 30970003 CHIP-SEQ MCF-7 HUMAN BREASTCANCER,0.225341796875,0.83984375,false
KLF5 18264089 CHIP-CHIP MESCS MOUSE,0.2215576171875,0.8583984375,false
KLF2 18264089 CHIP-CHIP MESCS MOUSE,0.2215576171875,0.8583984375,false
KLF4 18264089 CHIP-CHIP MESCS MOUSE,0.2215576171875,0.8583984375,false
FOXP1 21924763 CHIP-SEQ HESCS HUMAN,0.22021484375,0.8291015625,false
RUNX2 24764292 CHIP-SEQ MC3T3 MOUSE,0.2100830078125,0.84765625,false
SREBP2 21459322 CHIP-SEQ LIVER MOUSE,0.20751953125,0.81689453125,false
STAT3 1855785 CHIP-SEQ MESCS MOUSE,0.201171875,0.8271484375,false
NACC1 18358816 CHIP-CHIP MESCS MOUSE,0.1934814453125,0.8037109375,false
FOXO1 32281255 CHIP-SEQ CHONDROCYTES HUMAN OSTEOARTHRITIS,0.1883544921875,0.86083984375,false
PRDM14 21183938 CHIP-SEQ MESCS MOUSE,0.183349609375,0.83203125,false
STAT6 21828071 CHIP-SEQ BEAS2B HUMAN,0.17822265625,0.8427734375,false
NR4A2 19515692 CHIP-CHIP MN9D MOUSE,0.1641845703125,0.8173828125,false
MEIS1 26923725 CHIP-SEQ HEMOGENIC-ENDOTHELIUM MOUSE,0.16162109375,0.81787109375,false
TET1 21451524 CHIP-SEQ MESCS MOUSE,0.160400390625,0.80859375,false
GATA3 20176728 CHIP-CHIP TSCS MOUSE,0.1578369140625,0.802734375,false
RUNX1 26923725 CHIP-SEQ HPCS MOUSE,0.154052734375,0.80712890625,false
HSF1 23293686 CHIP-SEQ STHDH STRIATAL MOUSE,0.147705078125,0.82177734375,false
KDM2B 26808549 CHIP-SEQ SUP-B15 HUMAN,0.1387939453125,0.8544921875,true
CDKN2AIP 20523734 CHIP-SEQ CORTICAL NEURONS,0.1336669921875,0.830078125,false
CEBPB 21427703 CHIP-SEQ 3T3-L1 MOUSE,0.1336669921875,0.84716796875,false
FOSL1 28411283 CHIP-SEQ MDA231-LM2-4175 HUMAN BREASTCANCER,0.1298828125,0.84521484375,false
PPARD 21283829 CHIP-SEQ MYOFIBROBLAST HUMAN,0.1273193359375,0.822265625,false
STAT3 18555785 CHIP-SEQ MESCS MOUSE,0.1221923828125,0.82177734375,false
CREB1 26743006 CHIP-SEQ LNCAP HUMAN,0.11968994140625,0.8271484375,false
LXR 22292898 CHIP-SEQ THP-1 HUMAN,0.11328125,0.82421875,false
ESR1 17901129 CHIP-CHIP LIVER MOUSE,0.10186767578125,0.88330078125,false
GF1 26923725 CHIP-SEQ HPCS MOUSE,0.1005859375,0.81640625,false
NR1H3 23393188 CHIP-SEQ ATHEROSCLEROTIC-FOAM HUMAN,0.09674072265625,0.865234375,false
SMAD3 22036565 CHIP-SEQ ESCS MOUSE,0.0916748046875,0.84814453125,false
KDM2B 26808549 CHIP-SEQ SIL-ALL HUMAN,0.0865478515625,0.8525390625,true
SIN3B 21632747 CHIP-SEQ MESCS MOUSE,0.08404541015625,0.8232421875,false
WT1 25993318 CHIP-SEQ PODOCYTE HUMAN,0.082763671875,0.8564453125,false
MYC 22102868 CHIP-SEQ BL HUMAN,0.0738525390625,0.87548828125,false
AUTS2 25519132 CHIP-SEQ 293T-REX HUMAN,0.0738525390625,0.7822265625,false
TCF21 26020271 CHIP-SEQ HCASMC HUMAN CORONARYARTERY,0.0712890625,0.84228515625,false
TP53 22127205 CHIP-SEQ IMR90 HUMAN,0.06744384765625,0.81591796875,false
KLF4 18358816 CHIP-CHIP MESCS MOUSE,0.058563232421875,0.83447265625,false
RUNX1 26923725 CHIP-SEQ MACROPHAGESS MOUSE,0.04327392578125,0.79345703125,false
TFAP2C 20629094 CHIP-SEQ MCF-7 HUMAN,0.03692626953125,0.8408203125,false
POU5F1 26923725 CHIP-SEQ MESODERM MOUSE,0.033111572265625,0.8095703125,false
TEAD4 26923725 CHIP-SEQ HEMANGIOBLAST MOUSE,0.033111572265625,0.8095703125,false
CTCF 33576154 CHIP-SEQ HUMAN HILARLN PROSTATECANCER,0.0292816162109375,0.84619140625,false
AR 20517297 CHIP-SEQ VCAP HUMAN,0.02801513671875,0.78076171875,false
JUN 26020271 CHIP-SEQ HCASMC HUMAN CORONARYARTERY,0.017822265625,0.82861328125,false
AR 21915096 CHIP-SEQ LNCAP-1F5 HUMAN,0.0165557861328125,0.8173828125,false
KAP1 22055183 CHIP-SEQ ESCS MOUSE,0.0152740478515625,0.7763671875,false
NR3C1 27076634 CHIP-SEQ BEAS2B HUMAN LUNG INFLAMMATION,0.01273345947265625,0.853515625,false
SOX2 21211035 CHIP-SEQ GBM HUMAN BRAIN GLIOBLASTOMA,0.0114593505859375,0.775390625,false
ATF3 23680149 CHIP-SEQ GBM1-GSC HUMAN,0.0025463104248046875,0.841796875,false
ZFP281 18358816 CHIP-CHIP MESCS MOUSE,0.0012731552124023438,0.83349609375,false
EWS-ERG 20517297 CHIP-SEQ CADO-ES1 HUMAN,-0.006366729736328125,0.771484375,false
SMAD4 21741376 CHIP-SEQ HESCS HUMAN,-0.006366729736328125,0.8330078125,false
RXR 22108803 CHIP-SEQ LS180 HUMAN,-0.01018524169921875,0.80859375,false
MYB 21317192 CHIP-SEQ ERMYB MOUSE,-0.0114593505859375,0.8662109375,true
EGR1 23403033 CHIP-SEQ LIVER MOUSE,-0.014007568359375,0.8388671875,false
FOXA2 19822575 CHIP-SEQ HEPG2 HUMAN,-0.0190887451171875,0.8515625,false
KDM2B 26808549 CHIP-SEQ K562 HUMAN,-0.0203704833984375,0.8525390625,true
NANOG 18347094 CHIP-CHIP MESCS MOUSE,-0.0241851806640625,0.8212890625,false
LMO2 26923725 CHIP-SEQ MACROPHAGESS MOUSE,-0.030548095703125,0.79638671875,false
ELK3 25401928 CHIP-SEQ HUVEC HUMAN,-0.030548095703125,0.8505859375,false
THRA 23701648 CHIP-SEQ CEREBELLUM MOUSE,-0.039459228515625,0.80322265625,false
ATF3 27146783 CHIP-SEQ COLON HUMAN,-0.042022705078125,0.841796875,false
ADNP 35650610 CHIP-SEQ MESC MOUSE STEM AUTISM,-0.047088623046875,0.80810546875,false
FOXP2 23625967 CHIP-SEQ PFSK-1 AND SK-N-MC HUMAN,-0.049652099609375,0.84375,false
NR1I2 20693526 CHIP-SEQ LIVER MOUSE,-0.050933837890625,0.8447265625,false
EWS-FLI1 20517297 CHIP-SEQ SK-N-MC HUMAN,-0.05218505859375,0.79296875,false
P53 22127205 CHIP-SEQ FIBROBLAST HUMAN,-0.057281494140625,0.80322265625,false
CTNNB1 24651522 CHIP-SEQ LGR5+ INTESTINAL STEM HUMAN,-0.06365966796875,0.83984375,false
NFYA 21822215 CHIP-SEQ K562 HUMAN,-0.0802001953125,0.86328125,false
CDX2 21074721 CHIP-SEQ CACO-2 MOUSE,-0.082763671875,0.87451171875,false
UBF1/2 26484160 CHIP-SEQ HMEC-DERIVED HUMAN,-0.1043701171875,0.841796875,false
AR 21572438 CHIP-SEQ LNCAP HUMAN,-0.1094970703125,0.7958984375,false
RELB 30642670 CHIP-SEQ CTB1 HUMAN PLACENTA INFLAMMATION,-0.11456298828125,0.91552734375,false
IRF8 22096565 CHIP-CHIP GC-B MOUSE,-0.12347412109375,0.8515625,false
KDM2B 26808549 CHIP-SEQ DND41 HUMAN,-0.1259765625,0.85302734375,false
EZH2 27294783 CHIP-SEQ ESCS MOUSE,-0.13623046875,0.8701171875,false
KLF4 26769127 CHIP-SEQ PDAC-CELL LINE HUMAN,-0.142578125,0.861328125,false
FOXA1 25329375 CHIP-SEQ VCAP HUMAN,-0.1451416015625,0.77587890625,false
FOXA1 27270436 CHIP-SEQ PROSTATE HUMAN,-0.1451416015625,0.77587890625,false
PPARG 20176806 CHIP-SEQ 3T3-L1 MOUSE,-0.14892578125,0.8359375,false
TAL1 21186366 CHIP-SEQ BM-HSCS MOUSE,-0.1502685546875,0.830078125,false
SOX2 18692474 CHIP-SEQ MEFS MOUSE,-0.1629638671875,0.81787109375,false
PRDM14 20953172 CHIP-SEQ ESCS HUMAN,-0.1641845703125,0.81396484375,false
BCL3 23251550 CHIP-SEQ MUSCLE MOUSE,-0.16552734375,0.8388671875,false
TCF3 18692474 CHIP-SEQ MESCS MOUSE,-0.16552734375,0.81298828125,false
CEBPA 26348894 CHIP-SEQ LIVER MOUSE,-0.16552734375,0.7734375,true
CUX1 19635798 CHIP-CHIP MULTIPLE CANCER TYPES HUMAN,-0.1744384765625,0.806640625,false
CEBPA 23403033 CHIP-SEQ LIVER MOUSE,-0.1807861328125,0.84375,false
TBX2 30127528 CHIP-SEQ BE2C HUMAN BRAIN NEUROBLASTOMA,-0.1871337890625,0.8271484375,false
TCF3/E2A 22897851 CHIP-SEQ JUKARTE6-1 HUMAN,-0.1986083984375,0.81640625,false
KDM2B 26808549 CHIP-SEQ REH HUMAN,-0.1986083984375,0.82568359375,false
SOX9 24532713 CHIP-SEQ HFSC MOUSE,-0.206298828125,0.84228515625,false
SUZ12 20075857 CHIP-SEQ MESCS MOUSE,-0.20751953125,0.88671875,false
CEBPB 26923725 CHIP-SEQ HEMOGENIC-ENDOTHELIUM MOUSE,-0.2100830078125,0.818359375,false
WT1 20215353 CHIP-CHIP NEPHRON PROGENITOR MOUSE,-0.2113037109375,0.8720703125,false
SOX2 27498859 CHIP-SEQ STOMACH MOUSE,-0.2144775390625,0.84423828125,false
SMAD3 30307970 CHIP-SEQ HCASMC HUMAN CORONARYARTERY,-0.2176513671875,0.841796875,false
SUZ12 27294783 CHIP-SEQ ESCS MOUSE,-0.2215576171875,0.8681640625,false
RBPJ 21746931 CHIP-SEQ IB4 HUMAN,-0.2310791015625,0.87255859375,false
CTNNB1 20460455 CHIP-SEQ HCT116 HUMAN,-0.233642578125,0.83544921875,false
P300 27058665 CHIP-SEQ ZR-75-30CELLS HUMAN,-0.2386474609375,0.85986328125,false
SOX2 21211035 CHIP-SEQ LN229 GBM,-0.241943359375,0.84326171875,false
NANOG 18358816 CHIP-CHIP MESCS MOUSE,-0.248291015625,0.80029296875,false
TP53 22573176 CHIP-SEQ HFKS HUMAN,-0.250732421875,0.78369140625,false
SMAD3 21741376 CHIP-SEQ HESCS HUMAN,-0.25146484375,0.82763671875,false
HNFA 21074721 CHIP-SEQ CACO-2 HUMAN,-0.254638671875,0.873046875,false
TP53 16413492 CHIP-PET HCT116 HUMAN,-0.26220703125,0.8427734375,false
SREBP1 19666523 CHIP-SEQ LIVER MOUSE,-0.262939453125,0.81103515625,false
CBX2 22325352 CHIP-SEQ 293T-REX HUMAN,-0.2685546875,0.8671875,false
EGR1 19374776 CHIP-CHIP THP-1 HUMAN,-0.271240234375,0.9091796875,false
RING1B 27294783 CHIP-SEQ ESCS MOUSE,-0.278076171875,0.84521484375,false
DMRT1 21621532 CHIP-CHIP FETAL OVARY,-0.27880859375,0.8193359375,false
PHF8 20622853 CHIP-SEQ HELA HUMAN,-0.283203125,0.8720703125,false
GRHL2 25758223 CHIP-SEQ PLACENTA MOUSE,-0.286376953125,0.77783203125,false
SPI1 22790984 CHIP-SEQ ERYTHROLEUKEMIA MOUSE,-0.287109375,0.87158203125,false
NRF2 31884422 CHIP-SEQ A549 HUMAN LUNG CARCINOMA,-0.290283203125,0.81591796875,false
ETV1 20927104 CHIP-SEQ GIST48 HUMAN,-0.29345703125,0.865234375,false
ISL1 27105846 CHIP-SEQ CPCS MOUSE,-0.29541015625,0.8427734375,false
CIITA 25753668 CHIP-SEQ RAJI HUMAN,-0.2958984375,0.86865234375,false
SALL4 28974232 CHIP-SEQ MOUSE BONEMARROW LEUKEMIA,-0.2978515625,0.83642578125,false
LEF1 29337183 CHIP-SEQ MESC MOUSE STEM,-0.315185546875,0.8544921875,false
GFI1B 20887958 CHIP-SEQ HPC-7 MOUSE,-0.319580078125,0.845703125,true
NFYB 21822215 CHIP-SEQ K562 HUMAN,-0.3251953125,0.8623046875,false
JUND 26020271 CHIP-SEQ HCASMC HUMAN CORONARYARTERY,-0.330322265625,0.82666015625,false
GATA4 25053715 CHIP-SEQ YYC3 HUMAN,-0.332275390625,0.82177734375,false
FOXA1 21572438 CHIP-SEQ LNCAP HUMAN,-0.337890625,0.78857421875,false
SOX2 18555785 CHIP-SEQ MESCS MOUSE,-0.338623046875,0.81201171875,false
SIN3A 21632747 CHIP-SEQ MESCS MOUSE,-0.34375,0.82421875,false
TBX2 30127528 CHIP-SEQ KELLY HUMAN BRAIN NEUROBLASTOMA,-0.344970703125,0.84033203125,false
POU3F1 26484290 CHIP-SEQ ESCSS MOUSE,-0.346923828125,0.81640625,false
ZIC3 20872845 CHIP-CHIP MESCS MOUSE,-0.348876953125,0.8212890625,false
HIF1A 21447827 CHIP-SEQ MCF-7 HUMAN,-0.35009765625,0.8525390625,false
FOXA1 21915096 CHIP-SEQ LNCAP-1F5 HUMAN,-0.35205078125,0.8173828125,false
FOXA1 33576154 CHIP-SEQ HUMAN HILARLN PROSTATECANCER,-0.3564453125,0.83740234375,false
PPARD 23208498 CHIP-SEQ MDA-MB-231 HUMAN,-0.357177734375,0.8232421875,false
GATA3 30127528 CHIP-SEQ BE2C HUMAN BRAIN NEUROBLASTOMA,-0.357177734375,0.82177734375,false
POU2F1 27270436 CHIP-SEQ LNCAP HUMAN PROSTATE CARCINOMA,-0.363525390625,0.80859375,false
ETS2 20176728 CHIP-CHIP TROPHOBLAST STEM CELLS MOUSE,-0.380126953125,0.8232421875,false
GATA6 25053715 CHIP-SEQ YYC3 HUMAN,-0.38134765625,0.8359375,false
NFI 21473784 CHIP-SEQ ESCS MOUSE,-0.3818359375,0.81689453125,false
YAP1 20516196 CHIP-SEQ MESCS MOUSE,-0.385009765625,0.85107421875,false
TBP 23326641 CHIP-SEQ C3H10T1-2 MOUSE,-0.388916015625,0.8359375,true
ESRRB 18555785 CHIP-SEQ MESCS MOUSE,-0.39013671875,0.8330078125,false
LMO2 26923725 CHIP-SEQ HEMANGIOBLAST MOUSE,-0.391357421875,0.83154296875,false
PPARG 19300518 CHIP-PET 3T3-L1 MOUSE,-0.395263671875,0.865234375,false
ZFP281 18757296 CHIP-CHIP E14 MOUSE,-0.39794921875,0.8515625,false
RARG 19884340 CHIP-CHIP MEFS MOUSE,-0.3984375,0.841796875,false
FOXM1 26100407 CHIP-SEQ HEK293 FLP-IN HUMAN,-0.40478515625,0.83642578125,false
CDX2 20551321 CHIP-SEQ CACO-2 HUMAN,-0.406005859375,0.83544921875,false
GF1B 26923725 CHIP-SEQ HPCS MOUSE,-0.407958984375,0.81640625,true
TCF3 18692474 CHIP-SEQ MEFS MOUSE,-0.41259765625,0.8173828125,false
FOXA1 26457646 CHIP-SEQ LHSAR HUMAN PROSTATECANCER,-0.41748046875,0.8544921875,false
CEBPB 24764292 CHIP-SEQ MC3T3 MOUSE,-0.42529296875,0.8447265625,false
TP53 20018659 CHIP-CHIP R1E MOUSE,-0.42578125,0.85498046875,false
NANOG 16518401 CHIP-PET MESCS MOUSE,-0.428955078125,0.82568359375,false
TP63 23658742 CHIP-SEQ EP156T HUMAN,-0.428955078125,0.83642578125,false
ELF3 26769127 CHIP-SEQ PDAC-CELL LINE HUMAN,-0.431640625,0.8603515625,false
CLOCK 20551151 CHIP-SEQ 293T HUMAN,-0.43408203125,0.88232421875,false
TAL1 26923725 CHIP-SEQ HEMANGIOBLAST MOUSE,-0.43798828125,0.830078125,false
CRX 20693478 CHIP-SEQ ADULT RETINA MOUSE,-0.443115234375,0.826171875,false
FOXA1 25552417 CHIP-SEQ VCAP HUMAN,-0.44482421875,0.81884765625,false
RING1B 27294783 CHIP-SEQ NPCS MOUSE,-0.44482421875,0.8564453125,false
FOXP3 17237761 CHIP-CHIP TREG MOUSE,-0.451416015625,0.89697265625,false
MBD3 35695185 CHIP-SEQ NICBASALROOTGANGLIA MOUSE EMBRYO,-0.45947265625,0.87841796875,false
TBX3 20139965 CHIP-SEQ MESCS MOUSE,-0.4609375,0.8349609375,false
TBX3 20139965 CHIP-SEQ ESCS MOUSE,-0.4609375,0.8349609375,false
ASXL1 24218140 CHIP-SEQ BMDM MOUSE,-0.464111328125,0.87548828125,false
FOXA1 27197147 CHIP-SEQ ENDOMETRIOID-ADENOCARCINOMA HUMAN,-0.4677734375,0.8310546875,false
CEBPB 26923725 CHIP-SEQ MESODERM MOUSE,-0.470947265625,0.8203125,false
PPARG 20887899 CHIP-SEQ 3T3-L1 MOUSE,-0.47607421875,0.84228515625,false
SOX2 19829295 CHIP-SEQ ESCS HUMAN,-0.486328125,0.796875,false
NANOG 19829295 CHIP-SEQ ESCS HUMAN,-0.486328125,0.796875,false
HNF1A 26855178 CHIP-SEQ CACO2 HUMAN COLON ADENOCARCINOMA,-0.491455078125,0.86376953125,false
CEBPB 26923725 CHIP-SEQ HEMANGIOBLAST MOUSE,-0.491943359375,0.81689453125,false
CBP 21632823 CHIP-SEQ H3396 HUMAN,-0.491943359375,0.8291015625,false
MYC 20876797 CHIP-CHIP MEDULLOBLASTOMA HUMAN,-0.493408203125,0.80517578125,false
TBL1 22424771 CHIP-SEQ 293T HUMAN,-0.4970703125,0.8603515625,false
PRDM16 22522345 CHIP-CHIP PALATE MESENCHYMAL MOUSE,-0.497802734375,0.8291015625,false
NANOG 21062744 CHIP-CHIP HESCS HUMAN,-0.498291015625,0.82666015625,true
NANOG 18555785 CHIP-SEQ MESCS MOUSE,-0.5009765625,0.81494140625,false
IRF1 21803131 CHIP-SEQ PRIMARYMONOCYTES HUMAN CONNECTIVE,-0.50244140625,0.88818359375,false
FOXO3 23340844 CHIP-SEQ DLD1 HUMAN,-0.5029296875,0.8349609375,false
PCGF4 22325352 CHIP-SEQ 293T-REX HUMAN,-0.50732421875,0.865234375,false
ESR2 21235772 CHIP-SEQ MCF-7 HUMAN,-0.5087890625,0.86572265625,false
HTT 18923047 CHIP-CHIP STHDH HUMAN,-0.51611328125,0.78662109375,false
POU5F1 18700969 CHIP-CHIP MESCS MOUSE,-0.5205078125,0.83642578125,false
SOX6 21985497 CHIP-SEQ MYOTUBES MOUSE,-0.521484375,0.818359375,false
POU5F1 18347094 CHIP-CHIP MESCS MOUSE,-0.5244140625,0.82568359375,false
CTCF 33576154 CHIP-SEQ HUMAN LIVER PROSTATECANCER,-0.5263671875,0.861328125,false
ISL1 30127528 CHIP-SEQ KELLY HUMAN BRAIN NEUROBLASTOMA,-0.5263671875,0.81640625,false
TCFCP2L1 18555785 CHIP-SEQ MESCS MOUSE,-0.5302734375,0.83154296875,false
FLI1 21867929 CHIP-SEQ TH2 MOUSE,-0.53173828125,0.83203125,false
NR3C1 32051336 CHIP-SEQ MLEC MOUSE EPITHELIUM,-0.53515625,0.7158203125,false
ARNT 22903824 CHIP-SEQ MCF-7 HUMAN,-0.53955078125,0.83837890625,false
SOX9 26525672 CHIP-SEQ HEART MOUSE,-0.541015625,0.83203125,false
ESR1 26153859 CHIP-SEQ MCF-7 HUMAN BREASTCANCER,-0.541015625,0.85107421875,false
SALL4 22934838 CHIP-CHIP CD34+ HUMAN,-0.546875,0.80322265625,false
BCL11B 21912641 CHIP-SEQ STHDH STRIUM MOUSE,-0.55322265625,0.78955078125,false
PPAR 26484153 CHIP-SEQ NCI-H1993 HUMAN,-0.55419921875,0.83837890625,false
HNF1A 27111144 CHIP-SEQ CD8+TCELLS MOUSE BLOOD LYMPHOMA,-0.560546875,0.89013671875,false
MTF2 20144788 CHIP-SEQ MESCS MOUSE,-0.56884765625,0.880859375,false
BCAT 22108803 CHIP-SEQ LS180 HUMAN,-0.5771484375,0.81103515625,false
PKCTHETA 26484144 CHIP-SEQ BREAST HUMAN,-0.578125,0.8173828125,false
KLF4 25985364 CHIP-SEQ ATHEROSCLEROSIS LESION MOUSE,-0.5791015625,0.8154296875,false
RUNX2 22187159 CHIP-SEQ PCA HUMAN,-0.5810546875,0.82861328125,false
E2F2 33952803 CHIP-SEQ PATIENT HUMAN SYNOVIUM,-0.58203125,0.66455078125,false
TCF7L2 21901280 CHIP-SEQ H4IIE RAT,-0.5849609375,0.82763671875,false
TRIM28 19339689 CHIP-CHIP MESCS MOUSE,-0.58837890625,0.845703125,false
GATA3 24758297 CHIP-SEQ MCF-7 HUMAN,-0.59521484375,0.81689453125,false
ESRRB 18555785 CHIP-SEQ ESCS MOUSE,-0.60107421875,0.8193359375,false
ESR1 22446102 CHIP-SEQ UTERUS MOUSE,-0.60302734375,0.859375,false
FOXA1 26743006 CHIP-SEQ LNCAP-ABL HUMAN,-0.60546875,0.82470703125,false
TBX5 21415370 CHIP-SEQ HL-1 MOUSE,-0.61083984375,0.83837890625,false
POU5F1 18358816 CHIP-CHIP MESCS MOUSE,-0.62109375,0.80517578125,false
CNOT3 19339689 CHIP-CHIP MESCS MOUSE,-0.62255859375,0.8369140625,false
ESR1 15608294 CHIP-CHIP MCF-7 HUMAN,-0.623046875,0.7998046875,false
OCT4 21477851 CHIP-SEQ ESCS MOUSE,-0.62646484375,0.82275390625,false
SFPI1 20887958 CHIP-SEQ HPC-7 MOUSE,-0.63232421875,0.86865234375,true
TCFAP2C 20176728 CHIP-CHIP TROPHOBLAST STEM CELLS MOUSE,-0.63232421875,0.85498046875,false
TP63 19390658 CHIP-CHIP HACAT HUMAN,-0.6337890625,0.88818359375,false
TAL1 30185409 CHIP-SEQ HPC MOUSE BONEMARROW LEUKEMIA,-0.63525390625,0.8212890625,false
PU1 27457419 CHIP-SEQ LIVER MOUSE,-0.6435546875,0.82421875,false
ERG 20887958 CHIP-SEQ HPC-7 MOUSE,-0.6474609375,0.86572265625,false
CEBPB 23403033 CHIP-SEQ LIVER MOUSE,-0.6494140625,0.84814453125,false
CDX2 22108803 CHIP-SEQ LS180 HUMAN,-0.6494140625,0.814453125,false
SOX9 26525672 CHIP-SEQ LIMBBUDS MOUSE,-0.6513671875,0.83203125,false
RNF2 27304074 CHIP-SEQ ESCS MOUSE,-0.6533203125,0.8740234375,false
TAF7L 23326641 CHIP-SEQ C3H10T1-2 MOUSE,-0.65380859375,0.85693359375,false
TCF4 22108803 CHIP-SEQ LS180 HUMAN,-0.65576171875,0.810546875,false
NFKB1 27076634 CHIP-SEQ BEAS2B HUMAN LUNG INFLAMMATION,-0.65673828125,0.8515625,false
TCF4 23295773 CHIP-SEQ U87 HUMAN,-0.65869140625,0.83984375,false
GATA2 26923725 CHIP-SEQ HEMANGIOBLAST MOUSE,-0.66015625,0.79736328125,false
POU2F1 35413990 CHIP-SEQ HUMAN ARPOSCRPROSTATECANCER,-0.66064453125,0.82373046875,false
CTCF 31629814 CHIP-SEQ HEPATOCYTES MOUSE TYROSINEMIA,-0.6640625,0.85400390625,false
STAT3 24763339 CHIP-SEQ IMN-ESCS MOUSE,-0.66455078125,0.837890625,false
SMAD2 18955504 CHIP-CHIP HACAT HUMAN,-0.66796875,0.845703125,false
SMAD3 18955504 CHIP-CHIP HACAT HUMAN,-0.66796875,0.845703125,false
SMAD4 21741376 CHIP-SEQ EPCS HUMAN,-0.66943359375,0.81103515625,false
TBX2 35687133 CHIP-SEQ MCF-7 HUMAN BREASTCANCER,-0.6748046875,0.84033203125,false
RUNX1 27457419 CHIP-SEQ LIVER MOUSE,-0.67724609375,0.82080078125,false
RACK7 27058665 CHIP-SEQ MCF-7 HUMAN,-0.6796875,0.8603515625,false
SMARCD1 25818293 CHIP-SEQ ESCS MOUSE,-0.681640625,0.85595703125,false
KLF6 26769127 CHIP-SEQ PDAC-CELL LINE HUMAN,-0.68310546875,0.87255859375,false
CREB1 20920259 CHIP-SEQ GC1-SPG MOUSE,-0.68505859375,0.86376953125,false
EOMES 21245162 CHIP-SEQ HESCS HUMAN,-0.6953125,0.8359375,false
NR3C1 23031785 CHIP-SEQ PC12 MOUSE,-0.70068359375,0.83154296875,false
KLF4 18555785 CHIP-SEQ MESCS MOUSE,-0.70361328125,0.8662109375,false
JARID2 20075857 CHIP-SEQ MESCS MOUSE,-0.7041015625,0.89013671875,false
ESR1 20079471 CHIP-CHIP T-47D HUMAN,-0.705078125,0.82958984375,false
TCF21 23034159 CHIP-CHIP E13 GONADS RAT,-0.70654296875,0.78369140625,false
EZH2 22144423 CHIP-SEQ EOC HUMAN,-0.71142578125,0.92626953125,false
TCF3 18467660 CHIP-CHIP MESCS MOUSE,-0.71435546875,0.86181640625,false
TFEB 21752829 CHIP-SEQ HELA HUMAN,-0.71533203125,0.8701171875,false
TP53 32428506 CHIP-SEQ HUMAN LIVER HEPTOMA,-0.7177734375,0.8544921875,false
KLF5 20875108 CHIP-SEQ MESCS MOUSE,-0.7197265625,0.79833984375,false
ESR1 26153859 CHIP-SEQ T47D HUMAN BREAST CARCINOMA,-0.7197265625,0.84228515625,false
NANOG 18700969 CHIP-CHIP MESCS MOUSE,-0.72119140625,0.8505859375,false
MEF2A 21415370 CHIP-SEQ HL-1 MOUSE,-0.7255859375,0.8271484375,false
KDM5A 27292631 CHIP-SEQ BREAST HUMAN,-0.73095703125,0.8583984375,false
GATA3 30127528 CHIP-SEQ KELLY HUMAN BRAIN NEUROBLASTOMA,-0.7314453125,0.82861328125,false
TRIM28 17542650 CHIP-CHIP NTERA2 HUMAN,-0.732421875,0.82421875,false
NR3C1 21868756 CHIP-SEQ MCF10A HUMAN,-0.73388671875,0.8251953125,false
ZFP42 18358816 CHIP-CHIP MESCS MOUSE,-0.73583984375,0.83203125,false
POU2F1 27270436 CHIP-SEQ VCAP HUMAN PROSTATE CARCINOMA,-0.73828125,0.84716796875,false
DACH1 20351289 CHIP-SEQ MDA-MB-231 HUMAN,-0.7421875,0.87646484375,false
CDX2 21402776 CHIP-SEQ INTESTINAL-VILLUS MOUSE,-0.7470703125,0.82568359375,false
YY1 21170310 CHIP-SEQ MESCS MOUSE,-0.75048828125,0.83056640625,false
XRN2 22483619 CHIP-SEQ HELA HUMAN,-0.7529296875,0.87353515625,false
SMAD1 18555785 CHIP-SEQ ESCS MOUSE,-0.7529296875,0.8232421875,false
SMARCA4 20176728 CHIP-CHIP TSCS MOUSE,-0.75537109375,0.845703125,false
NKX2-5 21415370 CHIP-SEQ HL-1 MOUSE,-0.75732421875,0.84228515625,false
FOXM1 32153563 CHIP-SEQ SKOV3 HUMAN OVARY OVARIANCANCER,-0.76123046875,0.90576171875,false
STAT3 22323479 CHIP-SEQ MACROPHAGE MOUSE,-0.7666015625,0.85693359375,false
FOXP2 21765815 CHIP-CHIP NEURO2A MOUSE,-0.767578125,0.7919921875,false
CTCF 18555785 CHIP-SEQ ESCS MOUSE,-0.76953125,0.82373046875,false
SOX2 20726797 CHIP-SEQ SW620 HUMAN,-0.7783203125,0.8671875,false
TAL1 26923725 CHIP-SEQ HPCS MOUSE,-0.7802734375,0.81591796875,false
AR 27270436 CHIP-SEQ VCAP HUMAN PROSTATE CARCINOMA,-0.7822265625,0.84716796875,false
ZFX 18555785 CHIP-SEQ ESCS MOUSE,-0.78466796875,0.82470703125,false
UBF1/2 26484160 CHIP-SEQ FIBROBLAST HUMAN,-0.78564453125,0.81787109375,false
JUN 21703547 CHIP-SEQ K562 HUMAN,-0.7890625,0.81005859375,false
PPARD 23176727 CHIP-SEQ KERATINOCYTES MOUSE,-0.7919921875,0.8505859375,false
STAT3 23295773 CHIP-SEQ U87 HUMAN,-0.7919921875,0.84423828125,false
ESR1 22217937 CHIP-SEQ MCF-7 HUMAN BREASTCANCER,-0.7939453125,0.841796875,false
CHD1 26751641 CHIP-SEQ LNCAP HUMAN,-0.794921875,0.85400390625,true
SOX2 18358816 CHIP-CHIP MESCS MOUSE,-0.79736328125,0.82421875,false
PGR 26153859 CHIP-SEQ MCF-7 HUMAN BREASTCANCER,-0.79931640625,0.83251953125,false
REST 19997604 CHIP-CHIP NEURONS MOUSE,-0.802734375,0.80712890625,false
AHR 22903824 CHIP-SEQ MCF-7 HUMAN,-0.80322265625,0.841796875,false
CEBPD 21427703 CHIP-SEQ 3T3-L1 MOUSE,-0.8037109375,0.86328125,false
YY1 26981420 CHIP-SEQ C2C12 MOUSE MUSCLE,-0.8134765625,0.89013671875,false
EBF1 22473956 CHIP-SEQ LYMPHODE MOUSE,-0.81689453125,0.828125,false
CCND1 20090754 CHIP-CHIP RETINA MOUSE,-0.8232421875,0.873046875,false
AR 25329375 CHIP-SEQ VCAP HUMAN,-0.82763671875,0.8193359375,false
RNF2 18974828 CHIP-SEQ MESCS MOUSE,-0.83056640625,0.89501953125,false
EZH2 18974828 CHIP-SEQ MESCS MOUSE,-0.83056640625,0.89501953125,false
EZH2 27304074 CHIP-SEQ ESCS MOUSE,-0.8330078125,0.89892578125,false
CRX 20693478 CHIP-SEQ RETINA MOUSE,-0.8349609375,0.82470703125,false
NUCKS1 24931609 CHIP-SEQ HEPATOCYTES MOUSE,-0.8369140625,0.91748046875,false
EKLF 21900194 CHIP-SEQ ERYTHROCYTE MOUSE,-0.8369140625,0.90673828125,false
SMAD2/3 21741376 CHIP-SEQ EPCS HUMAN,-0.8486328125,0.83349609375,false
KLF4 18555785 CHIP-SEQ ESCS MOUSE,-0.8505859375,0.822265625,false
NMYC 18555785 CHIP-SEQ ESCS MOUSE,-0.85107421875,0.83154296875,false
IRF4 20064451 CHIP-SEQ CD4+T MOUSE,-0.85498046875,0.79931640625,false
CBP 20019798 CHIP-SEQ JUKART HUMAN,-0.85498046875,0.79931640625,false
GATA4 21415370 CHIP-SEQ HL-1 MOUSE,-0.85546875,0.84375,false
TEAD4 22529382 CHIP-SEQ TROPHECTODERM MOUSE,-0.85546875,0.8525390625,false
HOXD13 18407260 CHIP-CHIP DEVELOPING-LIMBS MOUSE,-0.85888671875,0.8251953125,false
RUNX1 27514584 CHIP-SEQ MCF-7 HUMAN BREASTCANCER,-0.86083984375,0.85595703125,false
NOTCH1 21737748 CHIP-SEQ TLL HUMAN,-0.8623046875,0.84423828125,false
PITX1 30713093 CHIP-SEQ EPITHELIAL HUMAN TONGUE SCC,-0.86328125,0.83447265625,false
PDX1 19855005 CHIP-CHIP MIN6 MOUSE,-0.86376953125,0.84716796875,false
EOMES 20176728 CHIP-CHIP TSCS MOUSE,-0.865234375,0.84033203125,false
OCT4 18555785 CHIP-SEQ ESCS MOUSE,-0.86572265625,0.83154296875,false
TCF4 32651957 CHIP-SEQ PLC/PRF/5 HUMAN LIVER HEPTOMA,-0.86572265625,0.81103515625,false
RUNX2 24655370 CHIP-SEQ MC3T3E1 MOUSE BONE,-0.8671875,0.8916015625,false
MYC 19079543 CHIP-CHIP MESCS MOUSE,-0.86962890625,0.861328125,false
CREB1 23762244 CHIP-SEQ HIPPOCAMPUS RAT,-0.87451171875,0.88671875,false
SOX2 16153702 CHIP-CHIP HESCS HUMAN,-0.8798828125,0.82080078125,false
E2F1 26619117 CHIP-SEQ HEPATOCYTES MOUSE LIVER,-0.880859375,0.8798828125,false
JUN 27471255 CHIP-SEQ CHONDROCYTES MOUSE RIB,-0.880859375,0.87060546875,false
SMAD3 21741376 CHIP-SEQ EPCS HUMAN,-0.88720703125,0.83251953125,false
MYBL2 22936984 CHIP-CHIP MESCS MOUSE,-0.88720703125,0.83056640625,false
ESR1 21235772 CHIP-SEQ MCF-7 HUMAN,-0.888671875,0.876953125,false
JARID2 20064375 CHIP-SEQ MESCS MOUSE,-0.8896484375,0.90283203125,false
SUZ12 18555785 CHIP-SEQ MESCS MOUSE,-0.89111328125,0.89501953125,false
SUZ12 18692474 CHIP-SEQ MEFS MOUSE,-0.89453125,0.89892578125,false
POU5F1 16153702 CHIP-CHIP HESCS HUMAN,-0.89501953125,0.83935546875,false
ER 23166858 CHIP-SEQ MCF-7 HUMAN,-0.89697265625,0.8173828125,false
FOXA1 33576154 CHIP-SEQ HUMAN LIVER PROSTATECANCER,-0.8974609375,0.84912109375,false
SUZ12 18692474 CHIP-SEQ MESCS MOUSE,-0.9013671875,0.900390625,false
SUZ12 16625203 CHIP-CHIP MESCS MOUSE,-0.90380859375,0.88916015625,false
SUZ12 18974828 CHIP-SEQ MESCS MOUSE,-0.90625,0.890625,false
THAP11 20581084 CHIP-SEQ MESCS MOUSE,-0.921875,0.8876953125,false
SOX2 18555785 CHIP-SEQ ESCS MOUSE,-0.9228515625,0.8310546875,false
P300 18555785 CHIP-SEQ ESCS MOUSE,-0.9228515625,0.8310546875,false
FOXA1 27270436 CHIP-SEQ LNCAP HUMAN PROSTATE CARCINOMA,-0.92529296875,0.83251953125,false
E2F1 18555785 CHIP-SEQ ESCS MOUSE,-0.9267578125,0.83544921875,false
PHC1 16625203 CHIP-CHIP MESCS MOUSE,-0.92822265625,0.87158203125,false
STAT3 29892750 CHIP-SEQ EML MOUSE BONEMARROW,-0.93701171875,0.88134765625,false
PCGF2 27294783 CHIP-SEQ NPCS MOUSE,-0.9384765625,0.84619140625,false
BRD4 28847988 CHIP-SEQ BCBL1 HUMAN BLOOD LYMPHOMA,-0.94091796875,0.89697265625,false
FOXA1 33576154 CHIP-SEQ HUMAN LUNG PROSTATECANCER,-0.943359375,0.87255859375,false
MYC 18358816 CHIP-CHIP MESCS MOUSE,-0.951171875,0.88916015625,false
SALL4 18804426 CHIP-CHIP MESCS MOUSE,-0.9521484375,0.83984375,false
CMYC 18555785 CHIP-SEQ ESCS MOUSE,-0.9521484375,0.83642578125,false
CTBP1 25329375 CHIP-SEQ LNCAP HUMAN,-0.95361328125,0.8046875,false
TFAP2A 35110662 CHIP-SEQ HEPM HUMAN EMBRYO,-0.95458984375,0.8515625,false
TOP2B 26459242 CHIP-SEQ MCF-7 HUMAN,-0.96240234375,0.83251953125,false
MYC 19030024 CHIP-CHIP MESCS MOUSE,-0.96435546875,0.89208984375,false
AR 27270436 CHIP-SEQ LNCAP HUMAN PROSTATE CARCINOMA,-0.96875,0.78076171875,false
VDR 33458620 CHIP-SEQ PRIMARYEPITHELIAL HUMAN PROSTATE,-0.96875,0.8544921875,false
FOXP1 22492998 CHIP-SEQ STRATIUM MOUSE,-0.97216796875,0.740234375,false
PAX3-FKHR 20663909 CHIP-SEQ RHABDOMYOSARCOMA HUMAN,-0.97265625,0.84716796875,false
MYC 28411283 CHIP-SEQ MDA231-LM2-4175 HUMAN BREASTCANCER,-0.97412109375,0.9111328125,false
ELF5 23300383 CHIP-SEQ T47D HUMAN,-0.974609375,0.82373046875,false
P53 22387025 CHIP-SEQ ESCS MOUSE,-0.97509765625,0.83544921875,false
MYBL1 21750041 CHIP-CHIP SPERMATOCYTES MOUSE,-0.98095703125,0.857421875,false
EED 16625203 CHIP-CHIP MESCS MOUSE,-0.98583984375,0.8955078125,false
EZH2 27294783 CHIP-SEQ NPCS MOUSE,-0.98779296875,0.8359375,false
SUZ12 18555785 CHIP-SEQ ESCS MOUSE,-0.98876953125,0.83447265625,false
ILF3 29590119 CHIP-SEQ K562 HUMAN BONEMARROW LEUKEMIA,-0.9892578125,0.8798828125,false
OLIG2 29049317 CHIP-SEQ MOUSE SPINALCORD,-0.990234375,0.86474609375,false
STAT3 18555785 CHIP-SEQ ESCS MOUSE,-0.9931640625,0.82958984375,false
EBF1 22473956 CHIP-SEQ BONE MARROW MOUSE,-0.99365234375,0.83349609375,false
SMAD4 21799915 CHIP-SEQ A2780 HUMAN,-0.99560546875,0.84912109375,false
ZFP322A 24550733 CHIP-SEQ MESCS MOUSE,-0.99609375,0.853515625,false
TCF4 18268006 CHIP-CHIP LS174T HUMAN,-0.998046875,0.84521484375,false
TTF2 22483619 CHIP-SEQ HELA HUMAN,-1.0048828125,0.8525390625,false
E2F4 21247883 CHIP-SEQ LYMPHOBLASTOID HUMAN,-1.0087890625,0.88427734375,false
ZNF274 21170338 CHIP-SEQ K562 HELA,-1.0107421875,0.78564453125,false
EP300 21415370 CHIP-SEQ HL-1 MOUSE,-1.013671875,0.84716796875,false
FOXM1 26456572 CHIP-SEQ MCF-7 HUMAN,-1.0146484375,0.8427734375,false
SRF 21415370 CHIP-SEQ HL-1 MOUSE,-1.0166015625,0.85986328125,false
GABP 19822575 CHIP-SEQ HEPG2 HUMAN,-1.021484375,0.8916015625,false
VDR 26986782 CHIP-SEQ PBMC HUMAN BONEMARROW,-1.0224609375,0.810546875,false
MEIS1 26253404 CHIP-SEQ OPTIC CUPS MOUSE,-1.0263671875,0.83154296875,false
MYC 22102868 CHIP-SEQ CA46 HUMAN BLOOD BURKITTSLYMPHOMA,-1.0263671875,0.90380859375,false
GABPA 29892750 CHIP-SEQ EML MOUSE BONEMARROW,-1.0283203125,0.84619140625,false
CDX2 19796622 CHIP-SEQ MESCS MOUSE,-1.0322265625,0.84814453125,false
AF4 26711339 CHIP-SEQ SEM HUMAN BLOOD LEUKEMIA,-1.0322265625,0.9013671875,false
CREM 20920259 CHIP-SEQ GC1-SPG MOUSE,-1.0400390625,0.896484375,false
MYCN 28898695 CHIP-SEQ NB1643 HUMAN NERVE NEUROBLASTOMA,-1.041015625,0.85791015625,false
BRD4 25478319 CHIP-SEQ HGPS HUMAN,-1.044921875,0.85498046875,false
ZNF263 19887448 CHIP-SEQ K562 HUMAN,-1.0458984375,0.84814453125,false
RNF2 27304074 CHIP-SEQ NSC MOUSE,-1.046875,0.82958984375,false
FOXP3 21729870 CHIP-SEQ TREG HUMAN,-1.052734375,0.87890625,false
HOXB13 26457646 CHIP-SEQ LNCAP HUMAN PROSTATE CARCINOMA,-1.0537109375,0.82275390625,false
AR 22383394 CHIP-SEQ PROSTATE CANCER HUMAN,-1.0556640625,0.85693359375,false
SUZ12 27294783 CHIP-SEQ NPCS MOUSE,-1.056640625,0.84130859375,false
NFE2 27457419 CHIP-SEQ LIVER MOUSE,-1.056640625,0.84033203125,false
ISL1 30127528 CHIP-SEQ BE2C HUMAN BRAIN NEUROBLASTOMA,-1.0615234375,0.84716796875,false
IRF1 19129219 CHIP-CHIP H3396 HUMAN,-1.064453125,0.78955078125,false
E2F1 21310950 CHIP-SEQ MCF-7 HUMAN,-1.0654296875,0.85986328125,true
NANOG 18555785 CHIP-SEQ ESCS MOUSE,-1.068359375,0.8447265625,false
MYC 30127528 CHIP-SEQ KELLY HUMAN BRAIN NEUROBLASTOMA,-1.0703125,0.88427734375,false
TRIM28 21343339 CHIP-SEQ HEK293 HUMAN,-1.072265625,0.87158203125,false
WT1 19549856 CHIP-CHIP CCG9911 HUMAN,-1.072265625,0.86572265625,false
NOTCH1 17114293 CHIP-CHIP T-ALL HUMAN,-1.0732421875,0.884765625,false
POU5F1 18555785 CHIP-SEQ MESCS MOUSE,-1.07421875,0.85546875,false
SALL4 18804426 CHIP-CHIP XEN MOUSE,-1.076171875,0.84521484375,false
RNF2 16625203 CHIP-CHIP MESCS MOUSE,-1.0771484375,0.8662109375,false
VDR 23849224 CHIP-SEQ CD4+ HUMAN,-1.0791015625,0.8994140625,false
NANOG 16153702 CHIP-CHIP HESCS HUMAN,-1.0830078125,0.822265625,false
SOX17 20123909 CHIP-SEQ XEN MOUSE,-1.083984375,0.83154296875,false
TCFCP2L1 18555785 CHIP-SEQ ESCS MOUSE,-1.0859375,0.84765625,false
ELK1 22589737 CHIP-SEQ MCF10A HUMAN,-1.08984375,0.8291015625,false
CJUN 26792858 CHIP-SEQ BT549 HUMAN,-1.0947265625,0.8447265625,false
PHOX2B 30127528 CHIP-SEQ BE2C HUMAN BRAIN NEUROBLASTOMA,-1.09765625,0.841796875,false
TP53 18474530 CHIP-CHIP U2OS HUMAN,-1.1015625,0.83740234375,false
YY1 33199912 CHIP-SEQ 293T HUMAN KIDNEYEMBRYO,-1.1015625,0.90234375,false
P300 19829295 CHIP-SEQ ESCS HUMAN,-1.103515625,0.84619140625,false
CTBP2 25329375 CHIP-SEQ LNCAP HUMAN,-1.1064453125,0.82177734375,false
HOXB4 20404135 CHIP-CHIP EML MOUSE,-1.107421875,0.86767578125,false
ASH2L 23239880 CHIP-SEQ MESCS MOUSE,-1.107421875,0.83984375,false
ZFX 18555785 CHIP-SEQ MESCS MOUSE,-1.1103515625,0.88720703125,false
GLI1 17442700 CHIP-CHIP MESCS MOUSE,-1.1123046875,0.85986328125,false
PCGF2 27294783 CHIP-SEQ ESCS MOUSE,-1.123046875,0.849609375,false
MYCN 18555785 CHIP-SEQ MESCS MOUSE,-1.123046875,0.88232421875,false
STAT1 19122651 CHIP-SEQ HELAS3 HUMAN CERVICALCANCER,-1.1259765625,0.8798828125,false
RBPJ 22232070 CHIP-SEQ NCS MOUSE,-1.126953125,0.845703125,false
MYC 18940864 CHIP-CHIP HL60 HUMAN,-1.12890625,0.78564453125,false
ZBTB16 27035670 CHIP-SEQ HESC HUMAN ENDOMETRIAL,-1.12890625,0.8779296875,false
TAL1 26923725 CHIP-SEQ MACROPHAGESS MOUSE,-1.130859375,0.8173828125,false
PHOX2B 30127528 CHIP-SEQ KELLY HUMAN BRAINNEUROBLASTOMA,-1.1328125,0.82275390625,false
OLIG2 23332759 CHIP-SEQ OLIGODENDROCYTES MOUSE,-1.134765625,0.85400390625,false
SMARCA4 23332759 CHIP-SEQ OLIGODENDROCYTES MOUSE,-1.134765625,0.857421875,false
ENL 26711339 CHIP-SEQ SEM HUMAN BLOOD LEUKEMIA,-1.1396484375,0.890625,false
E2F1 18555785 CHIP-SEQ MESCS MOUSE,-1.140625,0.88720703125,false
VDR 22108803 CHIP-SEQ LS180 HUMAN,-1.1435546875,0.7353515625,false
HNF4A 19761587 CHIP-CHIP CACO-2 HUMAN,-1.1494140625,0.841796875,false
YY1 23942234 CHIP-SEQ MYOBLASTS AND MYOTUBES MOUSE,-1.1513671875,0.8720703125,false
FOXA1 26769127 CHIP-SEQ PDAC-CELL LINE HUMAN,-1.15234375,0.85791015625,false
NELFA 20434984 CHIP-SEQ ESCS MOUSE,-1.154296875,0.896484375,false
NFE2L2 20460467 CHIP-SEQ MEFS MOUSE,-1.15625,0.8544921875,false
NRF2 20460467 CHIP-SEQ MEFS MOUSE,-1.15625,0.8544921875,false
CBX2 27304074 CHIP-SEQ ESCS MOUSE,-1.1640625,0.85693359375,false
PIAS1 25552417 CHIP-SEQ VCAP HUMAN,-1.17578125,0.85009765625,false
TAF15 26573619 CHIP-SEQ HEK293 HUMAN,-1.177734375,0.806640625,false
CEBPD 23245923 CHIP-SEQ MEFS MOUSE,-1.1796875,0.880859375,false
BMI1 23680149 CHIP-SEQ NPCS MOUSE,-1.1796875,0.8603515625,false
GBX2 23144817 CHIP-SEQ PC3 HUMAN,-1.181640625,0.896484375,false
RCOR1 19997604 CHIP-CHIP NEURONS MOUSE,-1.1826171875,0.81103515625,false
HOXA2 22223247 CHIP-SEQ E11.5 EMBRYO MOUSE,-1.18359375,0.78857421875,false
EST1 17652178 CHIP-CHIP JURKAT HUMAN,-1.1943359375,0.91064453125,false
POU3F2 20337985 CHIP-CHIP 501MEL HUMAN,-1.19921875,0.83740234375,false
EWS 26573619 CHIP-SEQ HEK293 HUMAN,-1.2001953125,0.826171875,false
SMAD 19615063 CHIP-CHIP OVARY HUMAN,-1.203125,0.87158203125,false
ZNF217 24962896 CHIP-SEQ MCF-7 HUMAN,-1.203125,0.88037109375,false
SOX2 30713093 CHIP-SEQ EPITHELIAL HUMAN TONGUE SCC,-1.2041015625,0.84619140625,false
ELF1 17652178 CHIP-CHIP JURKAT HUMAN,-1.205078125,0.9013671875,false
EVI1 22308434 CHIP-SEQ SKOV3 HUMAN OVARY OVARIANCANCER,-1.2080078125,0.8369140625,false
FOXM1 25889361 CHIP-SEQ OE33 AND U2OS HUMAN,-1.208984375,0.89697265625,false
HCFC1 20581084 CHIP-SEQ MESCS MOUSE,-1.212890625,0.8955078125,false
FUS 26573619 CHIP-SEQ HEK293 HUMAN,-1.21484375,0.83837890625,false
CREB1 15753290 CHIP-CHIP HEK293T HUMAN,-1.21484375,0.900390625,false
FOXM1 26456572 CHIP-SEQ MCF-7 HUMAN BREASTCANCER,-1.21484375,0.8515625,false
FOXO3 22982991 CHIP-SEQ MACROPHAGES MOUSE,-1.220703125,0.892578125,false
ZFP57 27257070 CHIP-SEQ ESCS MOUSE,-1.236328125,0.8525390625,false
MYC 18555785 CHIP-SEQ MESCS MOUSE,-1.2373046875,0.9111328125,false
FLI1 27457419 CHIP-SEQ LIVER MOUSE,-1.2607421875,0.85498046875,false
DCP1A 22483619 CHIP-SEQ HELA HUMAN,-1.265625,0.8837890625,false
FOXA1 27270436 CHIP-SEQ VCAP HUMAN PROSTATE CARCINOMA,-1.267578125,0.8603515625,false
JARID1A 20064375 CHIP-SEQ MESCS MOUSE,-1.2734375,0.912109375,false
IGF1R 20145208 CHIP-SEQ DFB HUMAN,-1.2744140625,0.79443359375,false
PPARG 23326641 CHIP-SEQ C3H10T1-2 MOUSE,-1.275390625,0.890625,false
SOX2 19030024 CHIP-CHIP MESCS MOUSE,-1.2763671875,0.8212890625,false
TRP63 18441228 CHIP-CHIP KERATINOCYTES MOUSE,-1.2802734375,0.888671875,false
FOXM1 23109430 CHIP-SEQ U2OS HUMAN,-1.29296875,0.89990234375,false
ETS1 20019798 CHIP-SEQ JURKAT HUMAN,-1.29296875,0.90771484375,false
ELK1 19687146 CHIP-CHIP HELA HUMAN,-1.294921875,0.8837890625,false
CHD1 19587682 CHIP-CHIP MESCS MOUSE,-1.296875,0.88037109375,false
HOXC9 25013753 CHIP-SEQ NEUROBLASTOMA BE2-C HUMAN,-1.296875,0.869140625,false
KDM6A 18722178 CHIP-CHIP U937 AND SAOS2 HUMAN,-1.298828125,0.91796875,false
GABP 17652178 CHIP-CHIP JURKAT HUMAN,-1.298828125,0.91943359375,false
E4F1 26484288 CHIP-SEQ MOUSE EMBRYONIC FIBROBLAST MOUSE,-1.3046875,0.76708984375,false
KDM5B 21448134 CHIP-SEQ MESCS MOUSE,-1.30859375,0.87939453125,false
SMAD4 19686287 CHIP-CHIP HACAT HUMAN,-1.3095703125,0.87744140625,false
AR 21909140 CHIP-SEQ LNCAP HUMAN,-1.322265625,0.8505859375,false
MYCN 21190229 CHIP-SEQ SHEP-21N HUMAN,-1.3251953125,0.8193359375,false
PADI4 21655091 CHIP-CHIP MCF-7 HUMAN,-1.3291015625,0.84912109375,false
PRDM5 23873026 CHIP-SEQ MEFS MOUSE,-1.341796875,0.900390625,false
TP63 17297297 CHIP-CHIP HACAT HUMAN,-1.361328125,0.94970703125,false
SALL1 21062744 CHIP-CHIP HESCS HUMAN,-1.361328125,0.83642578125,false
E2F4 17652178 CHIP-CHIP JURKAT HUMAN,-1.3720703125,0.8994140625,false
E2F7 22180533 CHIP-SEQ HELA HUMAN,-1.4521484375,0.966796875,false